sample_id,target,dna_seq,n_reads,min_dist,read_prop,diff_3d7
K01-200617-5-R,ama1,GTAAAGGTATAATTATTGAGAATTCAAAAACTACTTTTTTAACACCGGTAGCTACGGAAAATCAAGATTTAAAAGATGGAGGTTTTGCTTTTCCTCCAACAAATCCTCCTATGTCACCAATGACATTAAATGGTATGAGAGATTTATATAAAAATAATGAATATGTAAAAAATTTAGATGAATTGACTTTATGTTCAAGACATGCAGGAAATATGAATCCAGATAATGATAAAAATTCAAATTATAAATATCCAGCTGTTTATGATTACAATGATAATAAGTGTCATATATTATATATTG,250,3,14.705882352941176,0
K01-200617-5-R,ama1,GTAAAGGTATAATTATTGAGAATTCAAATACTACTTTTTTAACACCGGTAGCTACGGAAAATCAAGATTTAAAAGATGGAGGTTTTGCTTTTCCTCCAACAGAACCTCTTATGTCACCAATGACATTAGATCAAATGAGACATTTTTATAAAGATAATAAATATGTAAAAAATTTAGATGAATTGACTTTATGTTCAAGACATGCAGGAAATATGATTCCAGATAATGATAAAAATTCAAATTATAAATATCCAGCTGTTTATGATGACAAAGATAAAAAGTGTCATATATTATATATTG,5914,16,23.656,0
K01-200617-5-R,ama1,GTAAAGGTATAATTATTGAGAATTCAAATACTACTTTTTTAACACCGGTAGCTACGGGAAAACAAGATTTAAAAGATGGAGGTTTTGCTTTTCCTCCAACAAATCCTCTTATATCACCAATGACATTAAATGGTATGAGAGATTTATATAAAAATAATGAAGATGTAAAAAATTTAGATGAATTGACTTTATGTTCAAGACATGCAGGAAATATGAATCCAGATAATGATAAAAATTCAAATTATAAATATCCAGCTGTTTATGATTACAATGATAATAAGTGTCATATATTATATATTG,1306,3,76.82352941176471,0
K01-200617-5-R,ama1,GTAAAGGTATAATTATTGAGAATTCAAATACTACTTTTTTAACACCGGTAGCTACGGGAAAACAAGATTTAAAAGATGGAGGTTTTGCTTTTCCTCCAACAAATCCTCCTATGTCACCAATGACATTAAATGGTATGAGAGATTTATATAAAAATAATGAATATGTAAAAAATTTAGATGAATTGACTTTATGTTCAAGACATGCAGGAAATATGAATCCAGATAATGATAAAAATTCAAATTATAAATATCCAGCTGTTTATGATTACAATGATAATAAGTGTCATATATTATATATTG,17,3,0.013016845329249618,0
M13-300617-2-R,ama1,GTAAAGGTATAATTATTGAGAATTCAAAAACTACTTTTTTAACACCGGTAGCTACGGAAAATCAAGATTTAAAAGATGGAGGTTTTGCTTTTCCTCCAACAGAACCTCTTATGTCACCAATGACATTAGATGATATGAGACGTTTTTATAAAGATAATGAATATGTAAAAAATTTAGATGAATTGACTTTATGTTCAAGACATGCAGGAAATATGAATCCAGATAATGATAAAAATTCAAATTATAAATATCCAGCTGTTTATGATTACAATGATAAAAAGTGTCATATATTATATATTG,6895,9,3.1788842784693405,0
M13-300617-2-R,ama1,GTAAAGGTATAATTATTGAGAATTCAAATACTACTTTTTTAACACCGGTAGCTACGGAAAATCAAGATTTAAAAGATGGAGGTTTTGCTTTTCCTCCAACAAAACCTCTTATGTCACCAATGACATTAGATCAAATGAGACATTTTTATAAAGATAATAAATATGTAAAAAATTTAGATGAATTGACTTTATGTTCAAGACATGCAGGAAATATGATTCCAGATAATGATAAAAATTCAAATTATAAATATCCAGCTGTTTATGATGACAAAGATAAAAAGTGTCATATATTATATATTG,2169,9,0.31457577955039884,0
S02-170617-3-R,ama1,GTAAAGGTATAATTATTGAGAATTCAAATACTACTTTTTTAACACCGGTAGCTACGGGAAAACAAGATTTAAAAGATGGAGGTTTTGCTTTTCCTCCAACAAATCCTCTTATATCACCAATGACATTAGATCATATGAGAGATTTTTATAAAAAAAATGAATATGTAAAAAATTTAGATGAATTGACTTTATGTTCAAGACATGCAGGAAATATGAATCCAGATAATGATGAAAATTCAAATTATAAATATCCAGCTGTTTATGATTACAAAGATAAAAAGTGTCATATATTATATATTG,402,9,0.03631108300966489,0
S02-170617-3-R,ama1,GTAAAGGTATAATTATTGAGAATTCAAAAACTACTTTTTTAACACCGGTAGCTACGGAAAATCAAGATTTAAAAGATGGAGGTTTTGCTTTTCCTCCAACAAAACCTCTTATGTCACCAATGACATTAGATGATATGAGAGATCTTTATAAAAATAATGAATATGTAAAAAATTTAGATGAATTGACTTTATGTTCAAGACATGCAGGAAATATGAATCCAGATAAAGATGAAAATTCAAATTATAAATATCCAGCTGTTTATGATTACAAAGATAAAAAGTGTCATATATTATATATTG,11071,9,27.539800995024876,0
S02-120717-3-R,ama1,GTAAAGGTATAATTATTGAGAATTCAAATACTACTTTTTTAACACCGGTAGCTACGGGAAATCAATATTTAAAAGATGGAGGTTTTGCTTTTCCTCCAACAAAACCTCTTATGTCACCAATGACATTAGATGATATGAGACTTTTGTATAAAGATAATGAAGATGTAAAAAATTTAGATGAATTGACTTTATGTTCAAGACATGCAGGAAATATGATTCCAGATAATGATAAAAATTCAAATTATAAATATCCAGCTGTTTATGATGACAAAGATAAAAAGTGTCATATATTATATATTG,871,3,0.0663770766651425,0
S02-120717-3-R,ama1,GTAAAGGTATAATTATTGAGAATTCAAATACTACTTTTTTAACACCGGTAGCTACGGAAAATCAAGATTTAAAAGATGGAGGTTTTGCTTTTCCTCCAACAAAACCTCATATGTCACCAATGACATTAGATGATATGAGACTTTTGTATAAAGATAATGAAGATGTAAAAAATTTAGATGAATTGACTTTATGTTCAAGACATGCAGGAAATATGATTCCAGATAATGATAAAAATTCAAATTATAAATATCCAGCTGTTTATGATGACAAAGATAAAAAGTGTCATATATTATATATTG,13122,2,85.76470588235294,0
S02-120717-3-R,ama1,GTAAAGGTATAATTATTGAGAATTCAAATACTACTTTTTTAAAACCGGTAGCTACGGGAAATCAAGATTTAAAAGATGGAGGTTTTGCTTTTCCTCCAACAGAACCTCTTATATCACCAATGACATTAGATCAAATGAGACATTTTTATAAAGATAATGAATATGTAAAAAATTTAGATGAATTGACTTTATGTTCAAGACATGCAGGAAATATGAATCCAGATAATGATAAAAATTCAAATTATAAATATCCAGCTGTTTATGATTACGAAGATAAAAAGTGTCATATATTATATATTG,1865,11,12.18954248366013,0
S02-120717-3-R,ama1,GTAAAGGTATAATTATTGAGAATTCAAATACTACTTTTTTAAAACCGGTAGCTACGGGAAATCAAGATTTAAAAGATGGAGGTTTTGCTTTTCCTCCAACAAAACCTCATATGTCACCAATGACATTAGATGATATGAGACTTTTGTATAAAGATAATGAAGATGTAAAAAATTTAGATGAATTGACTTTATGTTCAAGACATGCAGGAAATATGATTCCAGATAATGATAAAAATTCAAATTATAAATATCCAGCTGTTTATGATGACAAAGATAAAAAGTGTCATATATTATATATTG,153,2,0.011659807956104253,0
M14-040618-4-R,ama1,GTAAAGGTATAATTATTGAGAATTCAAAAACTACTTTTTTAACACCGGTAGCTACGGAAAATCAAGATTTAAAAGATGGAGGTTTTGCTTTTCCTCCAACAAATCCTCCTATGTCACCAATGACATTAAATGGTATGAGAGATTTATATAAAAATAATGAATATGTAAAAAATTTAGATGAATTGACTTTATGTTCAAGACATGCAGGAAATATGAATCCAGATAATGATAAAAATTCAAATTATAAATATCCAGCTGTTTATGATTACAATGATAATAAGTGTCATATATTATATATTG,9307,3,27.454277286135692,0
M14-040618-4-R,ama1,GTAAAGGTATAATTATTGAGAATTCAAATACTACTTTTTTAACACCGGTAGCTACGGGAAATCAATATTTAAAAGATGGAGGTTTTGCTTTTCCTCCAACAAAACCTCTTATGTCACCAATGACATTAGATGATATGAGACTTTTGTATAAAGATAATGAAGATGTAAAAAATTTAGATGAATTGACTTTATGTTCAAGACATGCAGGAAATATGATTCCAGATAATGATAAAAATTCAAATTATAAATATCCAGCTGTTTATGATGACAAAGATAAAAAGTGTCATATATTATATATTG,56,13,0.06930693069306931,0
M14-040618-4-R,ama1,GTAAAGGTATAATTATTGAGAATTCAAATACTACTTTTTTAACACCGGTAGCTACGGAAAATCAAGATTTAAAAGATGGAGGTTTTGCTTTTCCTCCAACAAAACCTCTTATATCACCAATGACATTAGATCAAATGAGAGATTTATATAAAAATAATGAATATGTAAAAAATTTAGATGAATTGACTTTATGTTCAAGACATGCAGGAAATATGAATCCAGATAATGATGAAAATTCAAATTATAAATATCCAGCTGTTTATGATTACAAAGATAAAAAGTGTCATATATTATATATTG,808,1,7.481481481481482,0
M14-040618-4-R,ama1,GTAAAGGTATAATTATTGAGAATTCAAATACTACTTTTTTAACACCGGTAGCTACGGAAAATCAAGATTTAAAAGATGGAGGTTTTGCTTTTCCTCCAACAAAACCTCTTATATCACCAATGACATTAGATCAAATGAGAGATTTATATAAAAATAATGAATATGTAAAAAATTTAGATGAATTGACTTTATGTTCAAGACATGCAGGAAATATGAATCCAGATAATGATAAAAATTCAAATTATAAATATCCAGCTGTTTATGATTACAATGATAATAAGTGTCATATATTATATATTG,226,1,3.138888888888889,0
M14-040618-4-R,ama1,GTAAAGGTATAATTATTGAGAATTCAAATACTACTTTTTTAACACCGGTAGCTACGGGAAAACAAGATTTAAAAGATGGAGGTTTTGCTTTTCCTCCAACAAATCCTCTTATATCACCAATGACATTAAATGGTATGAAAGATTTTTATAAAGATAATGAAGATGTAAAAAATTTAGATGAATTGACTTTATGTTCAAGACATGCAGGAAATATGAATCCAGATAAAGATGAAAATTCAAATTATAAATATCCAGCTGTTTATGATTACAAAGATAAAAAGTGTCATATATTATATATTG,6,10,0.017699115044247787,0
M14-040618-4-R,ama1,GTAAAGGTATAATTATTGAGAATTCAAAAACTACTTTTTTAACACCGGTAGCTACGGAAAATCAAGATTTAAAAGATGGAGGTTTTGCTTTTCCTCCAACAAAACCTCTTATATCACCAATGACATTAGATCAAATGAGAGATTTATATAAAAATAATGAATATGTAAAAAATTTAGATGAATTGACTTTATGTTCAAGACATGCAGGAAATATGAATCCAGATAATGATGAAAATTCAAATTATAAATATCCAGCTGTTTATGATTACAAAGATAAAAAGTGTCATATATTATATATTG,108,1,0.13366336633663367,0
M14-040618-4-R,ama1,GTAAAGGTATAATTATTGAGAATTCAAAAACTACTTTTTTAACACCGGTAGCTACGGAAAATCAAGATTTAAAAGATGGAGGTTTTGCTTTTCCTCCAACAAAACCTCTTATATCACCAATGACATTAGATCAAATGAGAGATTTATATAAAAATAATGAATATGTAAAAAATTTAGATGAATTGACTTTATGTTCAAGACATGCAGGAAATATGAATCCAGATAATGATAAAAATTCAAATTATAAATATCCAGCTGTTTATGATTACAATGATAATAAGTGTCATATATTATATATTG,72,1,0.3185840707964602,0
M14-040618-4-R,ama1,GTAAAGGTATAATTATTGAGAATTCAAAAACTACTTTTTTAACACCGGTAGCTACGGAAAATCAAGATTTAAAAGATGGAGGTTTTGCTTTTCCTCCAACAAATCCTCCTATGTCACCAATGACATTAAATGGTATGAGAGATTTATATAAAAATAATGAATATGTAAAAAATTTAGATGAATTGACTTTATGTTCAAGACATGCAGGAAATATGAATCCAGATAATGATGAAAATTCAAATTATAAATATCCAGCTGTTTATGATTACAAAGATAAAAAGTGTCATATATTATATATTG,339,3,0.03642419684108735,0
S09-110418-6,ama1,GTAAAGGTATAATTATTGAGAATTCAAAAACTACTTTTTTAACACCGGTAGCTACGGAAAATCAAGATTTAAAAGATGGAGGTTTTGCTTTTCCTCCAACAAATCCTCCTATGTCACCAATGACATTAAATGGTATGAGAGATTTATATAAAAATAATGAATATGTAAAAAATTTAGATGAATTGACTTTATGTTCAAGACATGCAGGAAATATGAATCCAGATAATGATAAAAATTCAAATTATAAATATCCAGCTGTTTATGATTACAATGATAATAAGTGTCATATATTATATATTG,7022,14,24.812720848056536,0
S09-110418-6,ama1,GTAAAGGTATAATTATTGAGAATTCAAATACTACTTTTTTAACACCGGTAGCTACGGAAAATCAAGATTTAAAAGATGGAGGTTTTGCTTTTCCTCCAACAAAACCTCTTATGTCACCAATGACATTAGATCAAATGAGACATTTTTATAAAGATAATGAAGATGTAAAAAATTTAGATGAATTGACTTTATGTTCAAGACATGCAGGAAATATGATTCCAGATAATGATAAAAATTCAAATTATAAATATCCAGCTGTTTATGATGACAAAGATAAAAAGTGTCATATATTATATATTG,2400,1,8.480565371024735,0
S09-110418-6,ama1,GTAAAGGTATAATTATTGAGAATTCAAAAACTACTTTTTTAACACCGGTAGCTACGGAAAATCAAGATTTAAAAGATGGAGGTTTTGCTTTTCCTCCAACAAAACCTCTTATGTCACCAATGACATTAGATCAAATGAGACATTTTTATAAAGATAATGAAGATGTAAAAAATTTAGATGAATTGACTTTATGTTCAAGACATGCAGGAAATATGATTCCAGATAATGATAAAAATTCAAATTATAAATATCCAGCTGTTTATGATGACAAAGATAAAAAGTGTCATATATTATATATTG,283,1,0.11791666666666667,0
S10-110418-3-R,ama1,GTAAAGGTATAATTATTGAGAATTCAAATACTACTTTTTTAACACCGGTAGCTACGGAAAATCAAGATTTAAAAGATGGAGGTTTTGCTTTTCCTCCAACAAAACCTCTTATGTCACCAATGACATTAGATCAAATGAGACATTTTTATAAAGATAATAAATATGTAAAAAATTTAGATGAATTGACTTTATGTTCAAGACATGCAGGAAATATGATTCCAGATAATGATAAAAATTCAAATTATAAATATCCAGCTGTTTATGATGACAAAGATAAAAAGTGTCATATATTATATATTG,2032,7,0.6308599813722446,0
S10-110418-3-R,ama1,GTAAAGGTATAATTATTGAGAATTCAAATACTACTTTTTTAACACCGGTAGCTACGGAAAATCAAGATTTAAAAGATGGAGGTTTTGCTTTTCCTCCAACAAAACCTCATATGTCACCAATGACATTAGATGATATGAGACTTTTGTATAAAGATAATGAAGATGTAAAAAATTTAGATGAATTGACTTTATGTTCAAGACATGCAGGAAATATGATTCCAGATAATGATAAAAATTCAAATTATAAATATCCAGCTGTTTATGATGACAAAGATAAAAAGTGTCATATATTATATATTG,3221,7,1.5851377952755905,0
S10-110418-4,ama1,GTAAAGGTATAATTATTGAGAATTCAAATACTACTTTTTTAACACCGGTAGCTACGGAAAATCAAGATTTAAAAGATGGAGGTTTTGCTTTTCCTCCAACAAAACCTCTTATGTCACCAATGACATTAGATCAAATGAGACATTTTTATAAAGATAATAAATATGTAAAAAATTTAGATGAATTGACTTTATGTTCAAGACATGCAGGAAATATGATTCCAGATAATGATAAAAATTCAAATTATAAATATCCAGCTGTTTATGATGACAAAGATAAAAAGTGTCATATATTATATATTG,4229,7,0.7067179144385026,0
S10-110418-4,ama1,GTAAAGGTATAATTATTGAGAATTCAAATACTACTTTTTTAACACCGGTAGCTACGGAAAATCAAGATTTAAAAGATGGAGGTTTTGCTTTTCCTCCAACAAAACCTCATATGTCACCAATGACATTAGATGATATGAGACTTTTGTATAAAGATAATGAAGATGTAAAAAATTTAGATGAATTGACTTTATGTTCAAGACATGCAGGAAATATGATTCCAGATAATGATAAAAATTCAAATTATAAATATCCAGCTGTTTATGATGACAAAGATAAAAAGTGTCATATATTATATATTG,5984,7,1.4149917238117757,0
K10-100418-4,ama1,GTAAAGGTATAATTATTGAGAATTCAAAAACTACTTTTTTAACACCGGTAGCTACGGAAAATCAAGATTTAAAAGATGGAGGTTTTGCTTTTCCTCCAACAAATCCTCCTATGTCACCAATGACATTAAATGGTATGAGAGATTTATATAAAAATAATGAATATGTAAAAAATTTAGATGAATTGACTTTATGTTCAAGACATGCAGGAAATATGAATCCAGATAATGATAAAAATTCAAATTATAAATATCCAGCTGTTTATGATTACAATGATAATAAGTGTCATATATTATATATTG,497,12,0.935969868173258,0
K10-100418-4,ama1,GTAAAGGTATAATTATTGAGAATTCAAATACTACTTTTTTAACACCGGTAGCTACGGAAAATCAAGATTTAAAAGATGGAGGTTTTGCTTTTCCTCCAACAGAACCTCTTATGTCACCAATGACATTAGATCAAATGAGACATTTTTATAAAGATAATAAATATGTAAAAAATTTAGATGAATTGACTTTATGTTCAAGACATGCAGGAAATATGATTCCAGATAATGATAAAAATTCAAATTATAAATATCCAGCTGTTTATGATGACAAAGATAAAAAGTGTCATATATTATATATTG,7046,16,14.177062374245473,0
K10-100418-4,ama1,GTAAAGGTATAATTATTGAGAATTCAAATACTACTTTTTTAAAACCGGTAGCTACGGGAAATCAAGATTTAAAAGATGGAGGTTTTGCTTTTCCTCCAACAGAACCTCTTATATCACCAATGACATTAAATGGTATGAGAGATTTATATAAAAATAATGAAGATGTAAAAAATTTAGATGAATTGACTTTATGTTCAAGACATGCAGGAAATATGAATCCAGATAAAGATGAAAATTCAAATTATAAATATCCAGCTGTTTATGATTACAAAGATAAAAAGTGTCATATATTATATATTG,531,12,1.06841046277666,0
K12-230518-3,ama1,GTAAAGGTATAATTATTGAGAATTCAAAAACTACTTTTTTAACACCGGTAGCTACGGAAAATCAAGATTTAAAAGATGGAGGTTTTGCTTTTCCTCCAACAAATCCTCCTATGTCACCAATGACATTAAATGGTATGAGAGATTTATATAAAAATAATGAATATGTAAAAAATTTAGATGAATTGACTTTATGTTCAAGACATGCAGGAAATATGAATCCAGATAATGATAAAAATTCAAATTATAAATATCCAGCTGTTTATGATTACAATGATAATAAGTGTCATATATTATATATTG,5906,3,18.28482972136223,0
K12-230518-3,ama1,GTAAAGGTATAATTATTGAGAATTCAAATACTACTTTTTTAACACCGGTAGCTACGGGAAAACAAGATTTAAAAGATGGAGGTTTTGCTTTTCCTCCAACAAATCCTCTTATATCACCAATGACATTAAATGGTATGAAAGATTTTTATAAAGATAATGAAGATGTAAAAAATTTAGATGAATTGACTTTATGTTCAAGACATGCAGGAAATATGAATCCAGATAAAGATGAAAATTCAAATTATAAATATCCAGCTGTTTATGATTACAAAGATAAAAAGTGTCATATATTATATATTG,2960,3,11.254752851711027,0
K12-230518-3,ama1,GTAAAGGTATAATTATTGAGAATTCAAATACTACTTTTTTAACACCGGTAGCTACGGGAAAACAAGATTTAAAAGATGGAGGTTTTGCTTTTCCTCCAACAAATCCTCCTATGTCACCAATGACATTAAATGGTATGAGAGATTTATATAAAAATAATGAATATGTAAAAAATTTAGATGAATTGACTTTATGTTCAAGACATGCAGGAAATATGAATCCAGATAATGATAAAAATTCAAATTATAAATATCCAGCTGTTTATGATTACAATGATAATAAGTGTCATATATTATATATTG,323,3,0.05469014561462919,0
K12-230518-3,ama1,GTAAAGGTATAATTATTGAGAATTCAAAAACTACTTTTTTAACACCGGTAGCTACGGAAAATCAAGATTTAAAAGATGGAGGTTTTGCTTTTCCTCCAACAAATCCTCTTATATCACCAATGACATTAAATGGTATGAAAGATTTTTATAAAGATAATGAAGATGTAAAAAATTTAGATGAATTGACTTTATGTTCAAGACATGCAGGAAATATGAATCCAGATAAAGATGAAAATTCAAATTATAAATATCCAGCTGTTTATGATTACAAAGATAAAAAGTGTCATATATTATATATTG,263,3,0.08885135135135135,0
K01-200617-5-R,csp,TTATTAATCCTATTGAACTATTTACGACATTAAACACACTGGAACATTTTTCCATTTTACAAATTTTTTTTTCAATATCATTTTCATAATCTAATTGGTCTTTAGGTTTATTAGCAGAGCCAGGCTTTATTCTAACTTGAATACCATTTCCACAAGTTACACTACATGGGGACCATTCAGTTGAAAGAGAATTTTGTATTGTCTTTAAATATTGTTCTATGTGCTTATCACTTGGTTCTTCGTTATTATTATTTTTTACAGCATTGTTGGCTTTAGCATTTTCATCTA,8741,6,19.38137472283814,0
K01-200617-5-R,csp,TTATTAATCCTATTGAACTATTTACGACATTAAACACACTGGAACATTTTTCCATTTTACAAATTTTTTTTTCAATATCATTTTCATAATCTAATTCGTCTTTAGGTTTATTAGCAGAGCCAGGCTTTATTCTAACTTGAATACCATTTCCACAAGTTACACTACATGGGGACCATTCAGTTGAAATAGAATTTTTTATTTTCTTTAAATATTTTTCTATGTGCTGATCACTTGGTTCTTCGTTATTATTATTTTTTACAGCATTGTTGGCATTAGCATTTTCATCTA,417,4,0.9246119733924612,0
K01-200617-5-R,csp,TTATTAATCCTATTGAACTATTTACGACATTAAACACACTGGAACATTTTTCCATTTTACAAATTTTTTTTTCAATATCATTTGCATAATCTAATTGGTCTTTAGGTTTATTAGCAGAGCCAGGCTTTATTCTAACTTGAATACCATTTCCACAAGTTACACTACATGGGGACCATTCAGTTGAAAGAGAATTTTTTATTATCTTTAAATATTTTTCTATGTGCTGATCACTTGGTTCTTCGTTATTATTATTTTTTACAGCATCGTTGGCATTAGCATTTTCATCTA,1612,1,3.574279379157428,0
K01-200617-5-R,csp,TTATTAATCCTATTGAACTATTTACGACATTAAACACACTGGAACATTTTTCCATTTTACAAATTTTTTTTTCAATATCATTTTCATAATCTAATTGGTCTTTAGGTTTATTAGCAGAGCCAGGCTTTATTCTAACTTGAATACCATTTCCACAAGTTACACTACATGGGGACCATTCAGTTGAAAGAGAATTTTTTATTATCTTTAAATATTTTTCTATGTGCTGATCACTTGGTTCTTCGTTATTATTATTTTTTACAGCATCGTTGGCATTAGCATTTTCATCTA,451,1,0.27977667493796526,0
M13-300617-2-R,csp,TTATTAATCCTATTGAACTATTTACGACATTAAACACACTGGAACATTTTTCCATTTTACAAATTTTTTTTTCAATATCATTTGCATAATCTAATTGGTCTTTAGGTTTATTAGCAGAGCCAGGCTTTATTCTAACTTGAATACCATTTCCACAAGTTACACTACATGGGGACCATTCAGTTGAAAGAGAATTTTGTATTGTCTTTAAATATTTTTCTATGTGCTGATCACTTGGTTCTTCGTTATTATTATTTTTTACAGCATTGTTGGCATTAGCATTTTCATCTA,6199,7,1.0042118904908472,0
M13-300617-2-R,csp,TTATTAATCCTATTGAACTATTTACGACATTAAACACACTGGAACATTTTTCCATTTTACAAATTTTTTTTTCAATATCATTTGCATAATCTAATTCGTCTTTAGGTTTACCAGCAGAGCCAGGCTTTATTCTAACTTGAATACCATTTCCACAAGTTACACTACATGGGGACCATTCAGTTGAAAGAGAATTTTGTATTATCTTTAAATATTCTTTTATGTGCTTATCACTTGGTTCTTCGTTATTATTATTTTTTACAGCATTGTTGGCATTAGCATTTTCATCTA,6173,7,0.9958057751250201,0
S02-170617-3-R,csp,TTATTAATCCTATTGAACTATTTACGACATTAAACACACTGGAACATTTTTCCATTTTACAAATTTTTTTTTCAATATCATTTTCATAATCTAATTGGTCTTTAGGTTTATTAGCAGAGCCAGGCTTTATTCTAACTTGAATACCATTTCCACAAGTTACACTACATGGGGACCATTCAGTTGAAAGAGAATTTTTTATTGTCTTTAAATATTGTTCTATGTGCTTATCACTTGGTTCTTCGTTATTATTATTTTTTACAGCATTGTTGGCATTAGCATTTTCATCTA,416,5,3.466666666666667,0
S02-170617-3-R,csp,TTATTAATCCTATTGAACTATTTACGACATTAAACACACTGGAACATTTTTCCATTTTACAAATTTTTTTTTCAATATCATTTGCATAATCTAATTGGTCTTTAGGTTTATCAGCAGAGCCAGGCTTTATTCTAACTTGAATACCATTTCCACAAGTTACACTACATGGGGACCATTCAGTTGAAAGAGAATTTTGTATTTTCTTTAAATATTTTTCTATGTGCTGATCACTTGGTTCTTCGTTATTATTATTTTTTACAGCATTGTTGCCATTAGCATTTTCATCTA,12336,2,102.8,0
S02-170617-3-R,csp,TTATTAATCCTATTGAACTATTTACGACATTAAACACACTGGAACATTTTTCCATTTTACAAATTTTTTTTTCAATATCATTTTCATAATCTAATTGGTCTTTAGGTTTATTAGCAGAGCCAGGCTTTATTCTAACTTGAATACCATTTCCACAAGTTACACTACATGGGGACCATTCAGTTGAAAGAGAATTTTGTATTTTCTTTAAATATTTTTCTATGTGCTGATCACTTGGTTCTTCGTTATTATTATTTTTTACAGCATTGTTGCCATTAGCATTTTCATCTA,120,2,0.009727626459143969,0
S02-120717-3-R,csp,TTATTAATCCTATTGAACTATTTACGACATTAAACACACTGGAACATTTTTCCATTTTACAAATTTTTTTTTCAATATCATTTGCATAATCTAATTGGTCTTTAGGTTTATTAGCAGAGCCAGGCTTTATTCTAACTTGAATACCATTTCCACAAGTTACACTACATGGGGACCATTCAGTTGAAAGAGAATTTTGTATTGTCTTTAAATATTTTTCTATGTGCTGATCACTTGGTTCTTCGTTATTATTATTTTTTACAGCATTGTTGGCATTAGCATTTTCATCTA,306,1,0.02309085421068518,0
S02-120717-3-R,csp,TTATTAATCCTATTGAACTATTTACGACATTAAACACACTGGAACATTTTTCCATTTTACAAATTTTTTTTTCAATATCATTTTCATAATCTAATTCGTTTTTAGGTTTACCAGCAGAGCCAGGCTTTATTCTAACTTGAATACCATTTCCACAAGTTACACTACATGGGGACCATTCAGTTGAAAGAGAATTTTGTATTTCCTTTAAATATTTTTCTATGTGCTTATCACTTGGTTCTTCGTTATTATTATTTTTTACAGCATTGTTGGCATTAGCATTTTCATTTA,206,7,0.11444444444444445,0
S02-120717-3-R,csp,TTATTAATCCTATTGAACTATTTACGACATTAAACACACTGGAACATTTTTCCATTTTACAAATTTTTTTTTCAATATCATTTGCATAATCTAATTCGTCTTTAGGTTTACCAGCAGAGCCAGGCTTTATTCTAACTTGAATACCATTTCCACAAGTTACACTACATGGGGACCATTCAGTTGAAAGAGAATTTTGTATTATCTTTAAATATTCTTTTATGTGCTTATCACTTGGTTCTTCGTTATTATTATTTTTTACAGCATTGTTGGCATTAGCATTTTCATCTA,1800,7,5.882352941176471,0
S02-120717-3-R,csp,TTATTAATCCTATTGAACTATTTACGACATTAAACACACTGGAACATTTTTCCATTTTACAAATTTTTTTTTCAATATCATTTGCATAATCTAATTGGTCTTTAGGTTTATTAGCAGAGCCAGGCTTTATTCTAACTTGAATACCATTTCCACAAGTTACACTACATGGGGACCATTCAGTTGAAAGAGAATTTTGTATTGTCTTTAAATATTTTTCTATGTGCTGATCACTTGGTTCTTCGTTATTATTATTTTTTACAGCATTGTTGCCATTAGCATTTTCATCTA,13252,1,43.30718954248366,0
M14-040618-4-R,csp,TTATTAATCCTATTGAACTATTTACGACATTAAACACACTGGAACATTTTTCCATTTTACAAATTTTTTTTTCAATATCATTTTCATAATCTAATTGGTCTTTAGGTTTATTAGCAGAGCCAGGCTTTATTCTAACTTGAATACCATTTCCACAAGTTACACTACATGGGGACCATTCAGTTGAAAGAGAATTTTGTATTGTCTTTAAATATTGTTCTATGTGCTTATCACTTGGTTCTTCGTTATTATTATTTTTTACAGCATTGTTGGCTTTAGCATTTTCATCTA,159,4,0.14033539276257723,0
M14-040618-4-R,csp,TTATTAATCCTATTGAACTATTTACGACATTAAACACACTGGAACATTTTTCCATTTTACAAATTTTTTTTTCAATATCATTTGCATAATCTAATTGGTCTTTAGGTTTATTAGCAGAGCCAGGCTTTATTCTAACTTGAATACCATTTCCACAAGTTACACTACATGGGGACCATTCAGTTGAAAGAGAATTTTGTATTATCTTTAAATATTTTTCTATGTGCTGATCACTTGGTTCTTCGTTATTATTATTTTTTACAGCATTGTTGGCATTAGCATTTTCATCTA,305,3,0.26919682259488087,0
M14-040618-4-R,csp,TTATTAATCCTATTGAACTATTTACGACATTAAACACACTGGAACATTTTTCCATTTTACAAATTTTTTTTTCAATATCATTTGCATAATCTAATTGGTCTTTAGGTTTATTAGCAGAGCCAGGCTTTATTCTAACTTGAATACCATTTCCACAAGTTACACTACATGGGGACCATTCAGTTGAAAGAGAATTTTTTATTTTGTTTAAATATTTTTCTATGTGCTGATCACTTGGTTCTTCGTTATTATTATTTTTTACAGCATTGTTGGCATTAGCATTTTCATCTA,25238,3,82.74754098360656,0
M14-040618-4-R,csp,TTATTAATCCTATTGAACTATTTACGACATTAAACACACTGGAACATTTTTCCATTTTACAAATTTTTTTTTCAATATCATTTGCATAATCTAATTCGTCTTTAGGTTTACCAGCAGAGCCAGGCTTTATTCTAACTTGAATACCATTTCCACAAGTTACACTACATGGGGACCATTCAGTTGAAAGAGAATTTTTTATTATCTTTAAATATTGTTCTATGTGCTTATCACTTGGTTCTTCGTTATTATTATTTTTTACAGCATTGTTGGCATTAGCATTTTCATCTA,2656,3,2.3442188879082084,0
M14-040618-4-R,csp,TTATTAATCCTATTGAACTATTTACGACATTAAACACACTGGAACATTTTTCCATTTTACAAATTTTTTTTTCAATATCATTTGCATAATCTAATTGGTCTTTAGGTTTATTAGCAGAGCCAGGCTTTATTCTAACTTGAATACCATTTCCACAAGTTACACTACATGGGGACCATTCAGTTGAAAGAGAATTTTTTATTATCTTTAAATATTGTTCTATGTGCTTATCACTTGGTTCTTCGTTATTATTATTTTTTACAGCATTGTTGGCATTAGCATTTTCATCTA,1133,3,3.7147540983606557,0
S09-110418-6,csp,TTATTAATCCTATTGAACTATTTACGACATTAAACACACTGGAACATTTTTCCATTTTACAAATTTTTTTTTCAATATCATTTGCATAATCTAATTGGTCTTTAGGTTTATTAGCAGAGCCAGGCTTTATTCTAACTTGAATACCATTTCCACAAGTTACACTACATGGGGACCATTCAGTTGAAAGAGAATTTTGTATTGTCTTTAAATATTTTTCTATGTGCTGATCACTTGGTTCTTCGTTATTATTATTTTTTACAGCATTGTTGGCATTAGCATTTTCATCTA,5448,1,0.4165774583269613,0
S09-110418-6,csp,TTATTAATCCTATTGAACTATTTACGACATTAAACACACTGGAACATTTTTCCATTTTACAAATTTTTTTTTCAATATCATTTGCATAATCTAATTGGTCTTTAGGTTTATTAGCAGAGCCAGGCTTTATTCTAACTTGAATACCATTTCCACAAGTTACACTACATGGGGACCATTCAGTTGAAAGAGAATTTTGTATTCTCTTTAAATATTTTTCTATGTGCTGATCACTTGGTTCTTCGTTATTATTATTTTTTACAGCATTGTTGGCATTAGCATTTTCATCTA,13078,1,2.4005139500734214,0
S10-110418-3-R,csp,TTATTAATCCTATTGAACTATTTACGACATTAAACACACTGGAACATTTTTCCATTTTACAAATTTTTTTTTCAATATCATTTTCATAATCTAATTGGTCTTTAGGTTTATTAGCAGAGCCAGGCTTTATTCTAACTTGAATACCATTTCCACAAGTTACACTACATGGGGACCATTCAGTTGAAAGAGAATTTTGTATTGTCTTTAAATATTGTTCTATGTGCTTATCACTTGGTTCTTCGTTATTATTATTTTTTACAGCATTGTTGGCTTTAGCATTTTCATCTA,1705,4,5.859106529209622,0
S10-110418-3-R,csp,TTATTAATCCTATTGAACTATTTACGACATTAAACACACTGGAACATTTTTCCATTTTACAAATTTTTTTTTCAATATCATTTTCATAATCTAATTGGTCTTTAGGTTTATTAGCAGAGCCAGGCTTTATTCTAACTTGAATACCATTTCCACAAGTTACACTACATGGGGACCATTCAGTTGAAATAGAATTTTTTATTTTGTTTAAATATTGTTCTATGTGCTTATCACTTGGTTCTTCGTTATTATTATTTTTTACAGCATTGTTGGCATTAGCATTTTCATCTA,7168,1,24.632302405498283,0
S10-110418-3-R,csp,TTATTAATCCTATTGAACTATTTACGACATTAAACACACTGGAACATTTTTCCATTTTACAAATTTTTTTTTCAATATCATTTTCATAATCTAATTGGTCTTTAGGTTTATTAGCAGAGCCAGGCTTTATTCTAACTTGAATACCATTTCCACAAGTTACACTACATGGGGACCATTCAGTTGAAATAGAATTTTTTATTTTGTTTAAATATTGTTCTATGTGCTTATCACTTGGTTCTTCGTTATTATTATTTTTTACAGCATTGTTGGCTTTAGCATTTTCATCTA,291,1,0.04059709821428571,0
S10-110418-4,csp,TTATTAATCCTATTGAACTATTTACGACATTAAACACACTGGAACATTTTTCCATTTTACAAATTTTTTTTTCAATATCATTTTCATAATCTAATTGGTCTTTAGGTTTATTAGCAGAGCCAGGCTTTATTCTAACTTGAATACCATTTCCACAAGTTACACTACATGGGGACCATTCAGTTGAAAGAGAATTTTGTATTGTCTTTAAATATTGTTCTATGTGCTTATCACTTGGTTCTTCGTTATTATTATTTTTTACAGCATTGTTGGCTTTAGCATTTTCATCTA,1442,4,4.52037617554859,0
S10-110418-4,csp,TTATTAATCCTATTGAACTATTTACGACATTAAACACACTGGAACATTTTTCCATTTTACAAATTTTTTTTTCAATATCATTTTCATAATCTAATTGGTCTTTAGGTTTATTAGCAGAGCCAGGCTTTATTCTAACTTGAATACCATTTCCACAAGTTACACTACATGGGGACCATTCAGTTGAAATAGAATTTTTTATTTTGTTTAAATATTGTTCTATGTGCTTATCACTTGGTTCTTCGTTATTATTATTTTTTACAGCATTGTTGGCATTAGCATTTTCATCTA,13469,1,42.22257053291536,0
S10-110418-4,csp,TTATTAATCCTATTGAACTATTTACGACATTAAACACACTGGAACATTTTTCCATTTTACAAATTTTTTTTTCAATATCATTTTCATAATCTAATTGGTCTTTAGGTTTATTAGCAGAGCCAGGCTTTATTCTAACTTGAATACCATTTCCACAAGTTACACTACATGGGGACCATTCAGTTGAAATAGAATTTTTTATTTTGTTTAAATATTGTTCTATGTGCTTATCACTTGGTTCTTCGTTATTATTATTTTTTACAGCATTGTTGGCTTTAGCATTTTCATCTA,319,1,0.023684015145890563,0
K10-100418-4,csp,TTATTAATCCTATTGAACTATTTACGACATTAAACACACTGGAACATTTTTCCATTTTACAAATTTTTTTTTCAATATCATTTGCATAATCTAATTGGTCTTTAGGTTTATTAGCAGAGCCAGGCTTTATTCTAACTTGAATACCATTTCCACAAGTTACACTACATGGGGACCATTCAGTTGAAAGAGAATTTTGTATTGTCTTTAAATATTTTTCTATGTGCTGATCACTTGGTTCTTCGTTATTATTATTTTTTACAGCATTGTTGGCATTAGCATTTTCATCTA,2790,2,4.272588055130169,0
K10-100418-4,csp,TTATTAATCCTATTGAACTATTTACGACATTAAACACACTGGAACATTTTTCCATTTTACAAATTTTTTTTTCAATATCATTTTCATAATCTAATTCGTCTTTAGGTTTATTAGCAGAGCCAGGCTTTATTCTAACTTGAATACCATTTCCACAAGTTACACTACATGGGGACCATTCAGTTGAAATAGAATTTTTTATTTTCGTTAAATATTCTTTTATGTGCTTATCACTTGGTTCTTCGTTATTATTATTTTTTACAGCATTGTTGGCATTAGCATTTTCATCTA,8001,2,13.335,0
K10-100418-4,csp,TTATTAATCCTATTGAACTATTTACGACATTAAACACACTGGAACATTTTTCCATTTTACAAATTTTTTTTTCAATATCATTTTCATAATCTAATTCGTCTTTAGGTTTATTAGCAGAGCCAGGCTTTATTCTAACTTGAATACCATTTCCACAAGTTACACTACATGGGGACCATTCAGTTGAAATAGAATTTTTTATTTTGTTTAAATATTGTTCTATGTGCTTATCACTTGGTTCTTCGTTATTATTATTTTTTACAGCATTGTTGGCATTAGCATTTTCATCTA,1196,2,10.222222222222221,0
K10-100418-4,csp,TTATTAATCCTATTGAACTATTTACGACATTAAACACACTGGAACATTTTTCCATTTTACAAATTTTTTTTTCAATATCATTTGCATAATCTAATTGGTCTTTAGGTTTATTAGCAGAGCCAGGCTTTATTCTAACTTGAATACCATTTCCACAAGTTACACTACATGGGGACCATTCAGTTGAAATAGAATTTTTTATTTTGTTTAAATATTGTTCTATGTGCTTATCACTTGGTTCTTCGTTATTATTATTTTTTACAGCATTGTTGGCATTAGCATTTTCATCTA,117,2,0.09782608695652174,0
K10-100418-4,csp,TTATTAATCCTATTGAACTATTTACGACATTAAACACACTGGAACATTTTTCCATTTTACAAATTTTTTTTTCAATATCATTTTCATAATCTAATTCGTCTTTAGGTTTATTAGCAGAGCCAGGCTTTATTCTAACTTGAATACCATTTCCACAAGTTACACTACATGGGGACCATTCAGTTGAAAGAGAATTTTGTATTGTCTTTAAATATTTTTCTATGTGCTGATCACTTGGTTCTTCGTTATTATTATTTTTTACAGCATTGTTGGCATTAGCATTTTCATCTA,653,2,0.23405017921146953,0
K10-100418-4,csp,TTATTAATCCTATTGAACTATTTACGACATTAAACACACTGGAACATTTTTCCATTTTACAAATTTTTTTTTCAATATCATTTGCATAATCTAATTGGTCTTTAGGTTTATTAGCAGAGCCAGGCTTTATTCTAACTTGAATACCATTTCCACAAGTTACACTACATGGGGACCATTCAGTTGAAATAGAATTTTTTATTTTCGTTAAATATTCTTTTATGTGCTTATCACTTGGTTCTTCGTTATTATTATTTTTTACAGCATTGTTGGCATTAGCATTTTCATCTA,600,2,0.07499062617172854,0
K12-230518-3,csp,TTATTAATCCTATTGAACTATTTACGACATTAAACACACTGGAACATTTTTCCATTTTACAAATTTTTTTTTCAATATCATTTGCATAATCTAATTGGTCTTTAGGTTTATTAGCAGAGCCAGGCTTTATTCTAACTTGAATACCATTTCCACAAGTTACACTACATGGGGACCATTCAGTTGAAAGAGAATTTTGTATTGTCTTTAAATATTTTTCTATGTGCTGATCACTTGGTTCTTCGTTATTATTATTTTTTACAGCATTGTTGGCATTAGCATTTTCATCTA,5097,2,39.8203125,0
K12-230518-3,csp,TTATTAATCCTATTGAACTATTTACGACATTAAACACACTGGAACATTTTTCCATTTTACAAATTTTTTTTTCAATATCATTTTCATAATCTAATTGGTCTTTAGGTTTATTAGCAGAGCCAGGCTTTATTCTAACTTGAATACCATTTCCACAAGTTACACTACATGGGGACCATTCAGTTGAAAGAGAATTTTTTATTGTCTTTAAATATTGTTCTATGTGCTTATCACTTGGTTCTTCGTTATTATTATTTTTTACAGCATTGTTGGCATTAGCATTTTCATCTA,7940,2,62.03125,0
K12-230518-3,csp,TTATTAATCCTATTGAACTATTTACGACATTAAACACACTGGAACATTTTTCCATTTTACAAATTTTTTTTTCAATATCATTTTCATAATCTAATTGGTCTTTAGGTTTATTAGCAGAGCCAGGCTTTATTCTAACTTGAATACCATTTCCACAAGTTACACTACATGGGGACCATTCAGTTGAAAGAGAATTTTTTATTGTCTTTAAATATTTTTCTATGTGCTGATCACTTGGTTCTTCGTTATTATTATTTTTTACAGCATTGTTGGCATTAGCATTTTCATCTA,128,2,0.016120906801007556,0
M14-040618-4-R,msp7,AGGAAAAGAAGTACAAAAACCAGCACAAGGAGGAGAATCGACATTTCGAAAAGACCTAGATAAGAAATTATATAATTTAGGAGATGTTTTTAATCATGTAGTTGATATTTCAAACAGAGAGAACAAAATAAATCTCGATGAACATGATAAAAAATATACAGATTTCAAAAAAGAATATGAAGACTTCGTTTTAAATTCTAAAGAATATGATATAATCAAAAATCTAATAATTATGTTTGGTCAAGAAGATAATAAGAGTAAAAATGGCAAAACGGATATTGTAAGTGAAGCTAAACATATGACTGAAATTTTCATAAAACTATTTAAAGA,3783,1,0.1751388888888889,0
M14-040618-4-R,msp7,AGGAAAAGAAGTACAAAAACCAGCACAAGGAGGAGAATCGACATTTCGAAAAGACCTAGATAAGAAATTATATAATTTAGGAGATGTTTTTAATCATGTAGTTGATATTTCAAACAAAGAGAACAAAATAAATCTCGATGAACATGATAAAAAATATACAGATTTCAAAAAAGAATATGAAGACTTCGTTTTAAATTCTAAAGAATATGATATAATCAAAAATCTAATAATTATGTTTGGTCAAGAAGATAATAAGAGTAAAAATGGCAAAACGGATATTGTAAGTGAAGCTAAACATATGACTGAAATTTTCATAAAACTATTTAAAGA,21600,1,5.709754163362411,0
M14-040618-4-R,msp7,AGGACAAGAAGTACAAAAACCAGCACAAGGAGGAGAATCGACATTTCAAAAAGACCTAGATAAGAAATTATATAATTTAGGAGATGTTTTTAATCATGTAGTTGATATTTCAAACAAAAAGAACAAAATAAATCTCGATGAACATGATAAAAAATATACAGATTTCAAAAAAGAATATGAAGACTTCGTTTTAAATTCTAAAGAATATGATATAATCAAAAATCTAATAATTATGTTTGGTCAAGAAGATAATAAGAGTAAAAATGGCAAAACGGATATTGTAAGTGAAGCTAAACATATGACTGAAATTTTCATAAAACTATTTAAAGA,231,3,0.010694444444444444,0
K12-230518-3,msp7,AGGAAAAGAAGTACAAAAACCAGCACAAGGAGGAGAATCGACATTTCGAAAAGACCTAGATAAGAAATTATATAATTTAGGAGATGTTTTTAATCATGTAGTTGATATTTCAAACAGAGAGAACAAAATAAATCTCGATGAACATGATAAAAAATATACAGATTTCAAAAAAGAATATGAAGACTTCGTTTTAAATTCTAAAGAATATGATATAATCAAAAATCTAATAATTATGTTTGGTCAAGAAGATAATAAGAGTAAAAATGGCAAAACGGATATTGTAAGTGAAGCTAAACATATGACTGAAATTTTCATAAAACTATTTAAAGA,22055,NA,NA,0
K10-100418-4,msp7,AGGAAAAGAAGTACAAAAACCAGCACAAGGAGGAGAATCGACATTTCGAAAAGACCTAGATAAGAAATTATATAATTTAGGAGATGTTTTTAATCATGTAGTTGATATTTCAAACAGAGAGAACAAAATAAATCTCGATGAACATGATAAAAAATATACAGATTTCAAAAAAGAATATGAAGACTTCGTTTTAAATTCTAAAGAATATGATATAATCAAAAATCTAATAATTATGTTTGGTCAAGAAGATAATAAGAGTAAAAATGGCAAAACGGATATTGTAAGTGAAGCTAAACATATGACTGAAATTTTCATAAAACTATTTAAAGA,20611,4,8.211553784860557,0
K10-100418-4,msp7,AGGACAAGAAGTACAAAAACCAGCACAAGGAGGAGAATCGACATTTCAAAAAGACCTAGATAAGAAATTATATAATTTAGGAGATGTTTTTAATCATGTAGTTGATATTTCAAACAAAAAGAACAAAATAAATCTCGATGAACATGATAAAAAATATACAGATTTCAAAAAAGAATATGAAGACTTCGTTTTAAATTCTAAAGAATATGATATAATCAAAAATCTAATAATTATGTTTGGTCAAGAAGATAATAAGAGTAAAAATGGCAAAACGGATATTGTAAGTGAAGCTAAACATATGACTGAAATTTTCATAAAACTATTTAAAGA,2510,4,0.12177963223521421,0
S10-110418-3-R,msp7,AGGAAAAGAAGTACAAAAACCAGCACAAGGAGGAGAATCGACATTTCGAAAAGACCTAGATAAGAAATTATATAATTTAGGAGATGTTTTTAATCATGTAGTTGATATTTCAAACAGAGAGAACAAAATAAATCTCGATGAACATGATAAAAAATATACAGATTTCAAAAAAGAATATGAAGACTTCGTTTTAAATTCTAAAGAATATGATATAATCAAAAATCTAATAATTATGTTTGGTCAAGAAGATAATAAGAGTAAAAATGGCAAAACGGATATTGTAAGTGAAGCTAAACATATGACTGAAATTTTCATAAAACTATTTAAAGA,365,1,0.9125,0
S10-110418-3-R,msp7,AGGAAAAGAAGTACAAAAACCAGCACAAGGAGGAGAATCGACATTTCGAAAAGACCTAGATAAGAAATTATATAATTTAGGAGATGTTTTTAATCATGTAGTTGATATTTCAAACAAAGAGAACAAAATAAATCTCGATGAACATGATAAAAAATATACAGATTTCAAAAAAGAATATGAAGACTTCGTTTTAAATTCTAAAGAATATGATATAATCAAAAATCTAATAATTATGTTTGGTCAAGAAGATAATAAGAGTAAAAATGGCAAAACGGATATTGTAAGTGAAGCTAAACATATGACTGAAATTTTCATAAAACTATTTAAAGA,350,1,0.958904109589041,0
S10-110418-3-R,msp7,AGGACAAGAAGTACAAAAACCAGCACAAGGAGGAGAATCGACATTTCAAAAAGACCTAGATAAGAAATTATATAATTTAGGAGATGTTTTTAATCATGTAGTTGATATTTCAAACAAAAAGAACAAAATAAATCTCGATGAACATGATAAAAAATATACAGATTTCAAAAAAGAATATGAAGACTTCGTTTTAAATTCTAAAGAATATGATATAATCAAAAATCTAATAATTATGTTTGGTCAAGAAGATAATAAGAGTAAAAATGGCAAAACGGATATTGTAAGTGAAGCTAAACATATGACTGAAATTTTCATAAAACTATTTAATGA,21434,1,18.42992261392949,0
S10-110418-3-R,msp7,AGGACAAGAAGTACAAAAACCAGCACAAGGAGGAGAATCGACATTTCAAAAAGACCTAGATAAGAAATTATATAATTTAGGAGATGTTTTTAATCATGTAGTTGATATTTCAAACAAAAAGAACAAAATAAATCTCGATGAACATGATAAAAAATATACAGATTTCAAAAAAGAATATGAAGACTTCGTTTTAAATTCTAAAGAATATGATATAATCAAAAATCTAATAATTATGTTTGGTCAAGAAGATAATAAGAGTAAAAATGGCAAAACGGATATTGTAAGTGAAGCTAAACATATGACTGAAATTTTCATAAAACTATTTAAAGA,1163,1,0.05425958757114864,0
S10-110418-3-R,msp7,AGGAAAAGAAGTACAAAAACCAGCACAAGGAGGAGAATCGACATTTCGAAAAGACCTAGATAAGAAATTATATAATTTAGGAGATGTTTTTAATCATGTAGTTGATATTTCAAACAAAGAGAACAAAATAAATCTCGATGAACATGATAAAAAATATACAGATTTCAAAAAAGAATATGAAGACTTCGTTTTAAATTCTAAAGAATATGATATAATCAAAAATCTAATAATTATGTTTGGTCAAGAAGATAATAAGAGTAAAAATGGCAAAACGGATATTGTAAGTGAAGCTAAACATATGACTGAAATTTTCATAAAACTATTTAATGA,276,1,0.69,0
S10-110418-3-R,msp7,AGGAAAAGAAGTACAAAAACCAGCACAAGGAGGAGAATCGACATTTCGAAAAGACCTAGATAAGAAATTATATAATTTAGGAGATGTTTTTAATCATGTAGTTGATATTTCAAACAGAGAGAACAAAATAAATCTCGATGAACATGATAAAAAATATACAGATTTCAAAAAAGAATATGAAGACTTCGTTTTAAATTCTAAAGAATATGATATAATCAAAAATCTAATAATTATGTTTGGTCAAGAAGATAATAAGAGTAAAAATGGCAAAACGGATATTGTAAGTGAAGCTAAACATATGACTGAAATTTTCATAAAACTATTTAATGA,400,1,1.095890410958904,0
S09-110418-6,msp7,AGGAAAAGAAGTACAAAAACCAGCACAAGGAGGAGAATCGACATTTCGAAAAGACCTAGATAAGAAATTATATAATTTAGGAGATGTTTTTAATCATGTAGTTGATATTTCAAACAAAGAGAACAAAATAAATCTCGATGAACATGATAAAAAATATACAGATTTCAAAAAAGAATATGAAGACTTCGTTTTAAATTCTAAAGAATATGATATAATCAAAAATCTAATAATTATGTTTGGTCAAGAAGATAATAAGAGTAAAAATGGCAAAACGGATATTGTAAGTGAAGCTAAACATATGACTGAAATTTTCATAAAACTATTTAAAGA,2945,1,1.4680957128614158,0
S09-110418-6,msp7,AGGACAAGAAGTACAAAAACCAGCACAAGGAGGAGAATCGACATTTCAAAAAGACCTAGATAAGAAATTATATAATTTAGGAGATGTTTTTAATCATGTAGTTGATATTTCAAACAAAAAGAACAAAATAAATCTCGATGAACATGATAAAAAATATACAGATTTCAAAAAAGAATATGAAGACTTCGTTTTAAATTCTAAAGAATATGATATAATCAAAAATCTAATAATTATGTTTGGTCAAGAAGATAATAAGAGTAAAAATGGCAAAACGGATATTGTAAGTGAAGCTAAACATATGACTGAAATTTTCATAAAACTATTTAATGA,12603,1,5.2446941323345815,0
S09-110418-6,msp7,AGGACAAGAAGTACAAAAACCAGCACAAGGAGGAGAATCGACATTTCAAAAAGACCTAGATAAGAAATTATATAATTTAGGAGATGTTTTTAATCATGTAGTTGATATTTCAAACAAAAAGAACAAAATAAATCTCGATGAACATGATAAAAAATATACAGATTTCAAAAAAGAATATGAAGACTTCGTTTTAAATTCTAAAGAATATGATATAATCAAAAATCTAATAATTATGTTTGGTCAAGAAGATAATAAGAGTAAAAATGGCAAAACGGATATTGTAAGTGAAGCTAAACATATGACTGAAATTTTCATAAAACTATTTAAAGA,2403,1,0.1906688883599143,0
S09-110418-6,msp7,AGGAAAAGAAGTACAAAAACCAGCACAAGGAGGAGAATCGACATTTCGAAAAGACCTAGATAAGAAATTATATAATTTAGGAGATGTTTTTAATCATGTAGTTGATATTTCAAACAAAGAGAACAAAATAAATCTCGATGAACATGATAAAAAATATACAGATTTCAAAAAAGAATATGAAGACTTCGTTTTAAATTCTAAAGAATATGATATAATCAAAAATCTAATAATTATGTTTGGTCAAGAAGATAATAAGAGTAAAAATGGCAAAACGGATATTGTAAGTGAAGCTAAACATATGACTGAAATTTTCATAAAACTATTTAATGA,2006,1,0.6811544991511036,0
S10-110418-4,msp7,AGGACAAGAAGTACAAAAACCAGCACAAGGAGGAGAATCGACATTTCAAAAAGACCTAGATAAGAAATTATATAATTTAGGAGATGTTTTTAATCATGTAGTTGATATTTCAAACAAAAAGAACAAAATAAATCTCGATGAACATGATAAAAAATATACAGATTTCAAAAAAGAATATGAAGACTTCGTTTTAAATTCTAAAGAATATGATATAATCAAAAATCTAATAATTATGTTTGGTCAAGAAGATAATAAGAGTAAAAATGGCAAAACGGATATTGTAAGTGAAGCTAAACATATGACTGAAATTTTCATAAAACTATTTAATGA,17517,3,103.6508875739645,0
S10-110418-4,msp7,AGGAAAAGAAGTACAAAAACCAGCACAAGGAGGAGAATCGACATTTCGAAAAGACCTAGATAAGAAATTATATAATTTAGGAGATGTTTTTAATCATGTAGTTGATATTTCAAACAAAGAGAACAAAATAAATCTCGATGAACATGATAAAAAATATACAGATTTCAAAAAAGAATATGAAGACTTCGTTTTAAATTCTAAAGAATATGATATAATCAAAAATCTAATAATTATGTTTGGTCAAGAAGATAATAAGAGTAAAAATGGCAAAACGGATATTGTAAGTGAAGCTAAACATATGACTGAAATTTTCATAAAACTATTTAATGA,169,3,0.009647770736998344,0
M13-300617-2-R,msp7,AGGAAAAGAAGTACAAAAACCAGCACAAGGAGGAGAATCGACATTTCGAAAAGACCTAGATAAGAAATTATATAATTTAGGAGATGTTTTTAATCATGTAGTTGATATTTCAAACAGAGAGAACAAAATAAATCTCGATGAACATGATAAAAAATATACAGATTTCAAAAAAGAATATGAAGACTTCGTTTTAAATTCTAAAGAATATGATATAATCAAAAATCTAATAATTATGTTTGGTCAAGAAGATAATAAGAGTAAAAATGGCAAAACGGATATTGTAAGTGAAGCTAAACATATGACTGAAATTTTCATAAAACTATTTAAAGA,10591,1,1.8892258294684268,0
M13-300617-2-R,msp7,AGGAAAAGAAGTACAAAAACCAGCACAAGGAGGAGAATCGACATTTCGAAAAGACCTAGATAAGAAATTATATAATTTAGGAGATGTTTTTAATCATGTAGTTGATATTTCAAACAAAGAGAACAAAATAAATCTCGATGAACATGATAAAAAATATACAGATTTCAAAAAAGAATATGAAGACTTCGTTTTAAATTCTAAAGAATATGATATAATCAAAAATCTAATAATTATGTTTGGTCAAGAAGATAATAAGAGTAAAAATGGCAAAACGGATATTGTAAGTGAAGCTAAACATATGACTGAAATTTTCATAAAACTATTTAAAGA,5606,1,0.5293173449154943,0
M13-300617-2-R,msp7,AGGACAAGAAGTACAAAAACCAGCACAAGGAGGAGAATCGACATTTCAAAAAGACCTAGATAAGAAATTATATAATTTAGGAGATGTTTTTAATCATGTAGTTGATATTTCAAACAAAAAGAACAAAATAAATCTCGATGAACATGATAAAAAATATACAGATTTCAAAAAAGAATATGAAGACTTCGTTTTAAATTCTAAAGAATATGATATAATCAAAAATCTAATAATTATGTTTGGTCAAGAAGATAATAAGAGTAAAAATGGCAAAACGGATATTGTAAGTGAAGCTAAACATATGACTGAAATTTTCATAAAACTATTTAAAGA,73,3,0.013021762397431323,0
S02-170617-3-R,msp7,AGGAAAAGAAGTACAAAAACCAGCACAAGGAGGAGAATCGACATTTCGAAAAGACCTAGATAAGAAATTATATAATTTAGGAGATGTTTTTAATCATGTAGTTGATATTTCAAACAGAGAGAACAAAATAAATCTCGATGAACATGATAAAAAATATACAGATTTCAAAAAAGAATATGAAGACTTCGTTTTAAATTCTAAAGAATATGATATAATCAAAAATCTAATAATTATGTTTGGTCAAGAAGATAATAAGAGTAAAAATGGCAAAACGGATATTGTAAGTGAAGCTAAACATATGACTGAAATTTTCATAAAACTATTTAAAGA,15914,1,19.76894409937888,0
S02-170617-3-R,msp7,AGGAAAAGAAGTACAAAAACCAGCACAAGGAGGAGAATCGACATTTCGAAAAGACCTAGATAAGAAATTATATAATTTAGGAGATGTTTTTAATCATGTAGTTGATATTTCAAACAAAGAGAACAAAATAAATCTCGATGAACATGATAAAAAATATACAGATTTCAAAAAAGAATATGAAGACTTCGTTTTAAATTCTAAAGAATATGATATAATCAAAAATCTAATAATTATGTTTGGTCAAGAAGATAATAAGAGTAAAAATGGCAAAACGGATATTGTAAGTGAAGCTAAACATATGACTGAAATTTTCATAAAACTATTTAAAGA,805,1,0.050584391102174185,0
K01-200617-5-R,msp7,AGGAAAAGAAGTACAAAAACCAGCACAAGGAGGAGAATCGACATTTCGAAAAGACCTAGATAAGAAATTATATAATTTAGGAGATGTTTTTAATCATGTAGTTGATATTTCAAACAAAGAGAACAAAATAAATCTCGATGAACATGATAAAAAATATACAGATTTCAAAAAAGAATATGAAGACTTCGTTTTAAATTCTAAAGAATATGATATAATCAAAAATCTAATAATTATGTTTGGTCAAGAAGATAATAAGAGTAAAAATGGCAAAACGGATATTGTAAGTGAAGCTAAACATATGACTGAAATTTTCATAAAACTATTTAAAGA,12326,3,4.470801595937614,0
K01-200617-5-R,msp7,AGGACAAGAAGTACAAAAACCAGCACAAGGAGGAGAATCGACATTTCAAAAAGACCTAGATAAGAAATTATATAATTTAGGAGATGTTTTTAATCATGTAGTTGATATTTCAAACAAAAAGAACAAAATAAATCTCGATGAACATGATAAAAAATATACAGATTTCAAAAAAGAATATGAAGACTTCGTTTTAAATTCTAAAGAATATGATATAATCAAAAATCTAATAATTATGTTTGGTCAAGAAGATAATAAGAGTAAAAATGGCAAAACGGATATTGTAAGTGAAGCTAAACATATGACTGAAATTTTCATAAAACTATTTAAAGA,3765,2,1.3656147986942329,0
K01-200617-5-R,msp7,AGGACAAGAAGTACAAAAACCAGCACAAGGAGGAGAATCGACATTTCAAAAAGACCTACATAAGAAATTATATAATTTAGGAGATGTTTTTAATCATGTAGTTGATATTTCAAACAAAGAGAACAAAATAAATCTCGATGAACATGATAAAAAATATACAGATTTCAAAAAAGAATATGAAGACTTCGTTTTAAATTCTAAAGAATATGATATAATCAAAAATCTAATAATTATGTTTGGTCAAGAAGATAATAAGAGTAAAAATGGCAAAACGGATATTGTAAGTGAAGCTAAACATATGACTGAAATTTTCATAAAACTATTTAAAGA,2757,2,1.8806275579809004,0
K01-200617-5-R,msp7,AGGACAAAAAGTACAAAAACCAGCACAAGGAGGAGAATCGACATTTCAAAAAGACCTACATAAGAAATTATATAATTTAGGAGATGTTTTTAATCATGTAGTTGATATTTCAAACAGAGAGAACAAAATAAATCTCGATGAACATGATAAAAAATATACAGATTTCAAAAAAGAATATGAAGACTTCGTTTTAAATTCTAAAGAATATGATATAATCAAAAATCTAATAATTATGTTTGGTCAAGAAGATAATAAGAGTAAAAATGGCAAAACGGATATTGTAAGTGAAGCTAAACATATGACTGAAATTTTCATAAAACTATTTAAAGA,1466,2,0.5317373957199855,0
S02-120717-3-R,msp7,AGGAAAAGAAGTACAAAAACCAGCACAAGGAGGAGAATCGACATTTCGAAAAGACCTAGATAAGAAATTATATAATTTAGGAGATGTTTTTAATCATGTAGTTGATATTTCAAACAGAGAGAACAAAATAAATCTCGATGAACATGATAAAAAATATACAGATTTCAAAAAAGAATATGAAGACTTCGTTTTAAATTCTAAAGAATATGATATAATCAAAAATCTAATAATTATGTTTGGTCAAGAAGATAATAAGAGTAAAAATGGCAAAACGGATATTGTAAGTGAAGCTAAACATATGACTGAAATTTTCATAAAACTATTTAAAGA,14004,4,37.746630727762806,0
S02-120717-3-R,msp7,AGGACAAGAAGTACAAAAACCAGCACAAGGAGGAGAATCGACATTTCAAAAAGACCTAGATAAGAAATTATATAATTTAGGAGATGTTTTTAATCATGTAGTTGATATTTCAAACAAAAAGAACAAAATAAATATCGATAAATATGGTAAAGAATATACAGATTTCAAAAAAGAATATGAAGACTTCGTTTTAAATTCTAAAGAATATGATATAATCAAAAATCTAATAATTATGTTTGGTCAAGAAGATAATAAGAGTAAAAATGGCAAAACGGATATTGTAAGTGAAGCTAAACATATGACTGAAATTTTCATAAAACTATTTAAAGA,1971,9,0.14074550128534705,0
S02-120717-3-R,msp7,AGGACAAAAAGTACAAAAACCAGCACAAGGAGGAGAATCGACATTTCAAAAAGACCTACATAAGAAATTATATAATTTAGGAGATGTTTTTAATCATGTAGTTGATATTTCAAACAGAGAGAACAAAATAAATCTCGATGAACATGATAAAAAATATACAGATTTCAAAAAAGAATATGAAGACTTCGTTTTAAATTCTAAAGAATATGATATAATCAAAAATCTAATAATTATGTTTGGTCAAGAAGATAATAAGAGTAAAAATGGCAAAACGGATATTGTAAGTGAAGCTAAACATATGACTGAAATTTTCATAAAACTATTTAAAGA,371,4,0.026492430734075978,0
M14-040618-4-R,sera2,ATCCAGGTGATATCTTTGTTCCTACGGATCCTCCTGTTCCTGATGATCTTCCTGCTCTTTCGACATCTGATTGGGATACTTCTACACCTGGTTTTGCTGATTCTACTTTTTGTTCTGCTCCTATACCACTTCCTACTTCTTTTTGTTGTTGCTGTTGTTGGGGTTGTGTTTCTTGAGCTAAAGTTGGTAATGCTGGTTGTTGTTTTGGTTTTTCAATTCTTGCTTGTGTTGTTACACGTGAACCATCGGATGATAATGA,623,1,1.9529780564263324,0
M14-040618-4-R,sera2,ATCCAGGTGATATCTTTGTTCCTACGGATCCTCCTGTTCCTGATGATCTTCCTGCTCTTTCGACATCTGATTGGGATACTTCTACACCTGGTTTTGCTAATTCTACTTTTTGTTCTGCTCCTATACCACTTCCTACTTCTTTTTGTTGTTGCTGTTGTTGGGGTTGTGTTTCTTGAGCTAAAGTTGGTAATGCTGGTTGTTGTTTTGGTTTTTCAATTCTTGCTTGTGTTGTTACACGTGAACCATCGGATGATAATGA,319,1,0.5120385232744783,0
M14-040618-4-R,sera2,ATCCAGGTGATATCTTTGTTCCTACGGATCCTCCTGTTCCTGATGATCTTCCTGCTCTTTCGACATCTGATTGGGATACTTCTACACCTGGTCTTGCTGATTCTACTTTTTGTTCTGCTCCTATACCACTTCCTACTTCTTTTTGTTGTTGCTGTTGTTGGGGTTGTGTTTCTTGAGCTAAAGTTGGTAATGCTGGTTGTTGTTTTGGTTTTTCAATTCTTGCTTGTGTTGTTACACGTGAACCATCGGATGATAATGA,51480,1,82.63242375601926,0
M14-040618-4-R,sera2,ATCCAGGTGATATCTTTGTTCCTACGGATCCTCCTGTTCCTGATGATCTTCCTGCTCTTTCGACATCTGATTGGGATACTTCTACACCTGGTCTTGCTGATTCTACTTTTTGTTCTGCTCCTATACCACTTCCTACTTCTTTTTGTTGTTGCTGTTGTCGGGGTTGTGTTTCTTGAGCTAAAGTTGGTAATGCTGGTTGTTCTTTTGGTTTTTCAATTCTTGCTTGTGTTGTTACACGTGAACCATCGGATGATAATGA,989,1,0.19468503937007875,0
M14-040618-4-R,sera2,ATCCAGGTGATATCTTTGTTCCTACGGATCCTCCTGTTCCTGATGATCTTCCTGCTCTTTCGACATCTGATTGGGATACTTCTACATCTGGTCTTGCTGATTCTACTTTTTGTTCTGCTCCTATACCACTTCCTACTTCTTTTTGTTGTTGCTGTTGTCGGGGTTGTGTTTCTTGAGCTAAAGTTGGTAATGCTGGTTGTTCTTTTGGTTTTTCAATTCTTGCTTGTGTTGTTACACGTGAACCATCGGATGATAATGA,5080,1,5.136501516683519,0
S02-120717-3-R,sera2,ATCCAGGTGATATCTTTGTTCCTACGGATCCTCCTGTTCCTGATGATCTTCCTGCTCTTTCGACATCTGATTGGGATACTTCTACACCTGGTCTTGCTGATTCTACTTTTTGTTCTGCTCCTATACCACTTCCTACTTCTTTTTGTTGTTGCTGTTGTCGGGGTTGTGTTTCTTGAGCTAAAGTTGGTAATGCTGGTTGTTCTTTTGGTTCTTCAATTCTTGCTTGTGTTGTTACACGTGAACCATCGGATGATAATGA,62046,NA,NA,0
K12-230518-3,sera2,ATCCAGGTGATATCTTTGTTCCTACGGATCCTCCTGTTCCTGATGATCTTCCTGCTCTTTCGACATCTGATTGGGATACTTCTACACCTGGTTTTGCTGATTCTACTTTTTGTTCTGCTCCTATACCACTTCCTACTTCTTTTTGTTGTTGCTGTTGTTGGGGTTGTGTTTCTTGAGCTAAAGTTGGTAATGCTGGTTGTTGTTTTGGTTTTTCAATTCTTGCTTGTGTTGTTACACGTGAACCATCGGATGATAATGA,40718,1,1.7164657280161875,0
K12-230518-3,sera2,ATCCAGGTGATATCTTTGTTCCTACGGATCCTCCTGTTCCTGATGATCTTCCTGCTCTTTCGACATCTGATTGGGATACTTCTACACCTGGTTTTGCTAATTCTACTTTTTGTTCTGCTCCTATACCACTTCCTACTTCTTTTTGTTGTTGCTGTTGTTGGGGTTGTGTTTCTTGAGCTAAAGTTGGTAATGCTGGTTGTTGTTTTGGTTTTTCAATTCTTGCTTGTGTTGTTACACGTGAACCATCGGATGATAATGA,23722,1,0.5825924652487843,0
K12-230518-3,sera2,ATCCAGGTGATATCTTTGTTCCTACGGATCCTCCTGTTCCTGATGATCTTCCTGCTCTTTCGACATCTGATTGGGATACTTCTACACCTGGTCTTGCTGATTCTACTTTTTGTTCTGCTCCTATACCACTTCCTACTTCTTTTTGTTGTTGCTGTTGTTGGGGTTGTGTTTCTTGAGCTAAAGTTGGTAATGCTGGTTGTTGTTTTGGTTTTTCAATTCTTGCTTGTGTTGTTACACGTGAACCATCGGATGATAATGA,287,1,0.007048479787808831,0
K10-100418-4,sera2,ATCCAGGTGATATCTTTGTTCCTACGGATCCTCCTGTTCCTGATGATCTTCCTGCTCTTTCGACATCTGATTGGGATACTTCTACACCTGATTTTGCTGATTCTACTTTTTGTTCTGCTCCTATACCACTTCCTACTTCTTTTTGTTGTTGCTGTTGTTGGGGTTGTGTTTCTTGAGCTAAAGTTGGTAATGCTGGTTGTTTTGGTTTTTCAATTCTTGCTTGTGTTGTTACACGTGAACCATCGGATGATAATGA,39876,NA,NA,3
K10-100418-4,sera2,ATCCAGGTGATATCTTTGTTCCTACGGATCCTCCTGTTCCTGATGATCTTCCTGCTCTTTCGACATCTGATTGGGATACTTCTACACCTGGTCTTGCTGATTCTACTTTTTGTTCTGCTCCTATACCACTTCCTACTTCTTTTTGTTGTTGCTGTTGTCGGGGTTGTGTTTCTTGAGCTAAAGTTGGTAATGCTGGTTGTTCTTTTGGTTTTTCAATTCTTGCTTGTGTTGTTACACGTGAACCATCGGATGATAATGA,2658,NA,NA,0
S10-110418-3-R,sera2,ATCCAGGTGATATCTTTGTTCCTACGGATCCTCCTGTTCCTGATGATCTTCCTGCTCTTTCGACATCTGATTGGGATACTTCTACACCTGGTTTTGCTGATTCTACTTTTTGTTCTGCTCCTATACCACTTCCTACTTCTTTTTGTTGTTGCTGTTGTTGGGGTTGTGTTTCTTGAGCTAAAGTTGGTAATGCTGGTTGTTGTTTTGGTTTTTCAATTCTTGCTTGTGTTGTTACACGTGAACCATCGGATGATAATGA,43402,1,29.953071083505865,0
S10-110418-3-R,sera2,ATCCAGGTGATATCTTTGTTCCTACGGATCCTCCTGTTCCTGATGATCTTCCTGCTCTTTCGACATCTGATTGGGATACTTCTACACCTGGTTTTGCTAATTCTACTTTTTGTTCTGCTCCTATACCACTTCCTACTTCTTTTTGTTGTTGCTGTTGTTGGGGTTGTGTTTCTTGAGCTAAAGTTGGTAATGCTGGTTGTTGTTTTGGTTTTTCAATTCTTGCTTGTGTTGTTACACGTGAACCATCGGATGATAATGA,1449,1,0.03338555826920418,0
S10-110418-3-R,sera2,ATCCAGGTGATATCTTTGTTCCTACGGATCCTCCTGTTCCTGATGATCTTCCTGCTCTTTCGACATCTGATTGGGATACTTCTACACCTGGTCTTGCTGATTCTACTTTTTGTTCTGCTCCTATACCACTTCCTACTTCTTTTTGTTGTTGCTGTTGTTGGGGTTGTGTTTCTTGAGCTAAAGTTGGTAATGCTGGTTGTTGTTTTGGTTTTTCAATTCTTGCTTGTGTTGTTACACGTGAACCATCGGATGATAATGA,1841,1,0.04241740011981015,0
S10-110418-3-R,sera2,ATCCAGGTGATATCTTTGTTCCTACGGATCCTCCTGTTCCTGATGATCTTCCTGCTCTTTCGACATCTGATTGGGATACTTCTACACCTGGTCTTGCTGATTCTACTTTTTGTTCTGCTCCTATACCACTTCCTACTTCTTTTTGTTGTTGCTGTTGTCGGGGTTGTGTTTCTTGAGCTAAAGTTGGTAATGCTTGTTGTTCTTTTGGTTTTTCAATTCTTGCTTGTGTTGTTACACGTGAACCATCGGATGATAATGA,9701,3,5.269418794133623,0
S09-110418-6,sera2,ATCCAGGTGATATCTTTGTTCCTACGGATCCTCCTGTTCCTGATGATCTTCCTGCTCTTTCGACATCTGATTGGGATACTTCTACACCTGATTTTGCTGATTCTACTTTTTGTTCTGCTCCTATACCACTTCCTACTTCTTTTTGTTGTTGCTGTTGTTGGGGTTGTGTTTCTTGAGCTAAAGTTGGTAATGCTGGTTGTTTTGGTTTTTCAATTCTTGCTTGTGTTGTTACACGTGAACCATCGGATGATAATGA,65503,NA,NA,3
S10-110418-4,sera2,ATCCAGGTGATATCTTTGTTCCTACGGATCCTCCTGTTCCTGATGATCTTCCTGCTCTTTCGACATCTGATTGGGATACTTCTACACCTGGTTTTGCTGATTCTACTTTTTGTTCTGCTCCTATACCACTTCCTACTTCTTTTTGTTGTTGCTGTTGTTGGGGTTGTGTTTCTTGAGCTAAAGTTGGTAATGCTGGTTGTTGTTTTGGTTTTTCAATTCTTGCTTGTGTTGTTACACGTGAACCATCGGATGATAATGA,20746,1,25.3,0
S10-110418-4,sera2,ATCCAGGTGATATCTTTGTTCCTACGGATCCTCCTGTTCCTGATGATCTTCCTGCTCTTTCGACATCTGATTGGGATACTTCTACACCTGGTCTTGCTGATTCTACTTTTTGTTCTGCTCCTATACCACTTCCTACTTCTTTTTGTTGTTGCTGTTGTTGGGGTTGTGTTTCTTGAGCTAAAGTTGGTAATGCTGGTTGTTGTTTTGGTTTTTCAATTCTTGCTTGTGTTGTTACACGTGAACCATCGGATGATAATGA,820,1,0.039525691699604744,0
S10-110418-4,sera2,ATCCAGGTGATATCTTTGTTCCTACGGATCCTCCTGTTCCTGATGATCTTCCTGCTCTTTCGACATCTGATTGGGATACTTCTACACCTGGTCTTGCTGATTCTACTTTTTGTTCTGCTCCTATACCACTTCCTACTTCTTTTTGTTGTTGCTGTTGTCGGGGTTGTGTTTCTTGAGCTAAAGTTGGTAATGCTTGTTGTTCTTTTGGTTTTTCAATTCTTGCTTGTGTTGTTACACGTGAACCATCGGATGATAATGA,1469,3,1.7914634146341464,0
M13-300617-2-R,sera2,ATCCAGGTGATATCTTTGTTCCTACGGATCCTCCTGTTCCTGATGATCTTCCTGCTCTTTCGACATCTGATTGGGATACTTCTACACCTGGTTTTGCTGATTCTACTTTTTGTTCTGCTCCTATACCACTTCCTACTTCTTTTTGTTGTTGCTGTTGTTGGGGTTGTGTTTCTTGAGCTAAAGTTGGTAATGCTGGTTGTTGTTTTGGTTTTTCAATTCTTGCTTGTGTTGTTACACGTGAACCATCGGATGATAATGA,1308,1,1.6812339331619537,0
M13-300617-2-R,sera2,ATCCAGGTGATATCTTTGTTCCTACGGATCCTCCTGTTCCTGATGATCTTCCTGCTCTTTCGACATCTGATTGGGATACTTCTACACCTGGTCTTGCTGATTCTACTTTTTGTTCTGCTCCTATACCACTTCCTACTTCTTTTTGTTGTTGCTGTTGTCGGGGTTGTGTTTCTTGAGCTAAAGTTGGTAATGCTGGTTGTTCTTTTGGTTCTTCAATTCTTGCTTGTGTTGTTACACGTGAACCATCGGATGATAATGA,55998,3,57.492813141683776,0
M13-300617-2-R,sera2,ATCCAGGTGATATCTTTGTTCCTACGGATCCTCCTGTTCCTGATGATCTTCCTGCTCTTTCGACATCTGATTGGGATACTTCTACACCTGGTTTTGCTAATTCTACTTTTTGTTCTGCTCCTATACCACTTCCTACTTCTTTTTGTTGTTGCTGTTGTTGGGGTTGTGTTTCTTGAGCTAAAGTTGGTAATGCTGGTTGTTGTTTTGGTTTTTCAATTCTTGCTTGTGTTGTTACACGTGAACCATCGGATGATAATGA,778,1,0.5948012232415902,0
M13-300617-2-R,sera2,ATCCAGGTGATATCTTTGTTCCTACGGATCCTCCTGTTCCTGATGATCTTCCTGCTCTTTCGACATCTGATTGGGATACTTCTACACCTGGTCTTGCTGATTCTACTTTTTGTTCTGCTCCTATACCACTTCCTACTTCTTTTTGTTGTTGCTGTTGTTGGGGTTGTGTTTCTTGAGCTAAAGTTGGTAATGCTGGTTGTTGTTTTGGTTTTTCAATTCTTGCTTGTGTTGTTACACGTGAACCATCGGATGATAATGA,974,1,0.7446483180428135,0
S02-170617-3-R,sera2,ATCCAGGTGATATCTTTGTTCCTACGGATCCTCCTGTTCCTGATGATCTTCCTGCTCTTTCGACATCTGATTGGGATACTTCTACACCTGGTCTTGCTGATTCTACTTTTTGTTCTGCTCCTATACCACTTCCTACTTCTTTTTGTTGTTGCTGTTGTCGGGGTTGTGTTTCTTGAGCTAAAGTTGGTAATGCTGATTGTTCTTTTGGTTTTTCAATTCTTGCTTGTGTTGTTACACGTGAACCATCGGATGATAATGA,49092,NA,NA,0
S02-170617-3-R,sera2,ATCCAGGTGATATCTTTGTTCCTACGGATCCTCCTGTTCCTGATGATCTTCCTGCTCTTTCGACATCTGATTGGGATACTTCTACACCTGGTTTTGCTGATTCTACTTTTTGTTCTGCTCCTATACCACTTCCTACTTCTTTTTGTTGTTGCTGTTGTTGGGGTTGTGTTTCTTGAGCTAAAGTTGGTAATGCTGGTTGTTTTGGTTTTTCAATTCTTGCTTGTGTTGTTACACGTGAACCATCGGATGATAATGA,1206,NA,NA,3
K01-200617-5-R,sera2,ATCCAGGTGATATCTTTGTTCCTACGGATCCTCCTGTTCCTGATGATCTTCCTGCTCTTTCGACATCTGATTGGGATACTTCTACACCTGGTTTTGCTGATTCTACTTTTTGTTCTGCTCCTATACCACTTCCTACTTCTTTTTGTTGTTGCTGTTGTTGGGGTTGTGTTTCTTGAGCTAAAGTTGGTAATGCTGGTTGTTGTTTTGGTTTTTCAATTCTTGCTTGTGTTGTTACACGTGAACCATCGGATGATAATGA,239,1,0.04212195981670779,0
K01-200617-5-R,sera2,ATCCAGGTGATATCTTTGTTCCTACGGATCCTCCTGTTCCTGATGATCTTCCTGCTCTTTCGACATCTGATTGGGATACTTCTACACCTGGTCTTGCTGATTCTACTTTTTGTTCTGCTCCTATACCACTTCCTACTTCTTTTTGTTGTTGCTGTTGTCGGGGTTGTGTTTCTTGAGCTAAAGTTGGTAATGCTGATTGTTCTTTTGGTTTTTCAATTCTTGCTTGTGTTGTTACACGTGAACCATCGGATGATAATGA,37023,1,34.698219306466726,0
K01-200617-5-R,sera2,ATCCAGGTGATATCTTTGTTCCTACGGATCCTCCTGTTCCTGATGATCTTCCTGCTCTTTCGACATCTGATTGGGATACTTCTACACCTGGTCTTGCTGATTCTACTTTTTGTTCTGCTCCTATACCACTTCCTACTTCTTTTTGTTGTTGCTGTTGTTGGGGTTGTGTTTCTTGAGCTAAAGTTGGTAATGCTGGTTGTTGTTTTGGTTTTTCAATTCTTGCTTGTGTTGTTACACGTGAACCATCGGATGATAATGA,1794,1,7.506276150627615,0
K01-200617-5-R,sera2,ATCCAGGTGATATCTTTGTTCCTACGGATCCTCCTGTTCCTGATGATCTTCCTGCTCTTTCGACATCTGATTGGGATACTTCTACACCTGGTCTTGCTGATTCTACTTTTTGTTCTGCTCCTATACCACTTCCTACTTCTTTTTGTTGTTGCTGTTGTCGGGGTTGTGTTTCTTGAGCTAAAGTTGGTAATGCTGGTTGTTCTTTTGGTTTTTCAATTCTTGCTTGTGTTGTTACACGTGAACCATCGGATGATAATGA,1067,1,0.028819922750722524,0
K01-200617-5-R,sera2,ATCCAGGTGATATCTTTGTTCCTACGGATCCTCCTGTTCCTGATGATCTTCCTGCTCTTTCGACATCTGATTGGGATACTTCTGCACCTGGTTTTGCTGATTCTACTTTTTGTTCTGCTCCTATACCACTTCCTACTTCTTTTTGTTGTTGCTGTTGTTGGGGTTGTGTTTCTTGAGCTAAAGTTGGTAATGCTGGTTGTTGTTTTGGTTTTTCAATTCTTGCTTGTGTTGTTACACGTGAACCATCGGATGATAATGA,5674,1,23.740585774058577,0
K01-200617-5-R,sera2,ATCCAGGTGATATCTTTGTTCCTACGGATCCTCCTGTTCCTGATGATCTTCCTGCTCTTTCGACATCTGATTGGGATACTTCTACACCTGATTTTGCTGATTCTACTTTTTGTTCTGCTCCTATACCACTTCCTACTTCTTTTTGTTGTTGCTGTTGTTGGGGTTGTGTTTCTTGAGCTAAAGTTGGTAATGCTGGTTGTTGTTTTGGTTTTTCAATTCTTGCTTGTGTTGTTACACGTGAACCATCGGATGATAATGA,2859,1,11.96234309623431,0
K01-200617-5-R,sera2,ATCCAGGTGATATCTTTGTTCCTACGGATCCTCCTGTTCCTGATGATCTTCCTGCTCTTTCGACATCTGATTGGGATACTTCTACACCTGGTATTGCTGATTCTACTTTTTGTTCTGCTCCTATACCACTTCCTACTTCTTTTTGTTGTTGCTGTTGTCGGGGTTGTGTTTCTTGAGCTAAAGTTGGTAATGCTGGTTGTTCTTTTGGTTTTTCAATTCTTGCTTGTGTTGTTACACGTGAACCATCGGATGATAATGA,2774,1,2.599812558575445,0
K12-230518-3,trap,CTAATCCTCCAGCTATTCCACCTGCAATTTTATATTTATTATCTGATGATCCTCCTTTTTGTTTATTATTATCTGGCTTTTCATGTTCTTCCCTTTCATGATATTTTGGAGTATTGTTATGTTTTCTATTGTATGATCTATTTTCATTATTTCTACCATGTGGACGTGTTTCTCTATCTTCACTATTAGGTACGTGCCTATTTCCATTATTATCTTGACTTTGGGGGTCACTTTGTTTCCTTTCATTATCCAAAACTTTTGGAGATAATGGTGAATATGGAATATATCTATCACTTTTATCATTTGGTAAATTATTTTGATTA,7205,NA,NA,3
K10-100418-4,trap,CTAATCCTCCAGCTATTCCACCTGCAATTTTATATTTATTATCTGATCCTGCTTTTTTTTTATTATTATCTGGCTTTTCATGTTCTTCCCTTTCAGGATGTTTTGGAGTATCGTTATATTTTCTATTGTATGATCTATTTTCATTATTTCTACCATGTGGACGTGTTTCTCTATCTTCACTATTAGGTACGTGCCTATTTCCATTATTATCTTGACTTTGGGGGTCACTTTGTTTCCTTTCATTATCCAAAACATTTGGAGGTAATGGTGAATATGGAATATATCTATCACTTTTATCATTTGGTAAATTATTTTGATTA,10981,1,6.060154525386314,0
K10-100418-4,trap,CTAATCCTCCAGCTATTCCACCTGCAATTTTATATTTATTATCTGATCCTGCTTTTTTTTTATTATTATCTGGCTTTTCATGTTCTTCCCTTTCAGGATGTTTTGGAGTATCGTTATATTTTCTATTGTATGATCTATTTTCATTATTTCTACCATGTGGACGTGTTTCTCTATCTTCACTATTAGGTACGTGCCTATTTCCATTATTATCTTGACTTTGGGGGTCACTTTGTTTCCTTTCATTATCCAAAACGTTTGGAGGTAATGGTGAATATGGAATATATCTATCACTTTTATCATTTGGTAAATTATTTTGATTA,1812,1,0.16501229396229852,0
K10-100418-4,trap,CTAATCCTCCAGCTATTCCACCTGCAATTTTATATTTATTATCTGATCCTCCTTTTTGTTTATTATTATCTGGCTTTTCATGTTCTTCCCTTTCATGATATTTTGGAGTATTGTTATGTTTTCTATTGTATGATCTATTTTCATTATTTCTACCATGTGGACGTGTTTCTCTATCTTCACTATTAGGTACGTGCCTATTTCCATTATTATCTTGACTTTGGGGGTCACTTTGTTTCCTTTCATTATCCAAAACATTTGGAGGTAATGGTGAATATGGAATATATCTATCACTTTTATCATTTGGTAAATTATTTTGATTA,1727,6,0.1572716510336035,0
M13-300617-2-R,trap,CTAATCCTCCAGCTATTCCACCTGCAATTTTATATTTATTATCTGATGATCCTCCTTTTTGTTTATTATTATCTGGCTTTTCATGTTCTTCCCTTTCATGATATTTTGGAGTATTGTTATGTTTTCTATTGTATGATCTATTTTCATTATTTCTACCATGTGGACGTGTTTCTCTATCTTCACTATTAGGTACGTGCCTATTTCCATTATTATCTTGACTTTGGGGGTCACTTTGTTTCCTTTCATTATCCAAAACTTTTGGAGATAATGGTGAATATGGAATATATCTATCACTTTTATCATTTGGTAAATTATTTTGATTA,205,2,0.17026578073089702,3
M13-300617-2-R,trap,CTAATCCTCCAGCTATTCCACCTGCAATTTTATATTTATTATCTGATGATCCTCCTTTTTGTTTATTATTATCTGGCTTTTCATGTTCTTCCCTTTCATGATATTTTGGAGTATTGTTATGTTTTCTATTGTATGATCTATTTTCATTATTTCTACCATGTGGACGTGTTTCTCTATCTTCACTATTAGGTACGTGCCTATTTCCATTATTATCTTGACTTTGGGGGTCACTTTGTTTCCTTTCATTATCCAAAACATTTGGAGGTAATGGTGAATATGGAATATATCTATCACTTTTATCATTTGGTAAATTATTTTGATTA,1204,2,5.873170731707317,3
M13-300617-2-R,trap,CTAATCCTCCAGCTATTCCACCTGCAATTTTATATTTATTATCTGATGATCCTCCTTTTTGTTTATTATTATCTGGCTTTTCATGTTCTTCCCTTTCATGATATTTTGGAGTATTGTTATGTTTTCTATTGTATGATCTATTTTCATTATTTCTACCATGTGGACGTGTTTCTCTATCTTCACTATTAGGTACGTGCCTATTTCCATTATTATCTTGACTTTGGGGGTCACTTTGTTTCCTTTCATTATCCAAAACTTTTGGAGGTAATGGTGAATATGGAATATTTCTATCACTTTTATCATTTGGTAAATTATTTTGATTA,1058,2,0.8787375415282392,3
M13-300617-2-R,trap,CTAATCCTCCAGCTATTCCACCTGCAATTTTATATTTATTATCTGATCCTCCTTTTTTTTTATTATTATCTGGCTTTTCATGTTCTTCCCTTTCAGGATGTTTTGGAGTATTGTTATGTTTTCTATTGTATGATCTATTTTCATTATTTCTACCATGTGGACGTGTTTCTCTATCTTCACTATTAGGTACGTGCCTATTTCCATTATTATCTTGACTTTGGGGGTCACTTTGTTTCCTTTCATTATCCAAAACTTTTGGAGGTAATGGTGAATATGGAATATTTCTATCACTTTTATCATTTGGTAAATTATTTTGATTA,160,NA,NA,0
K01-200617-5-R,trap,CTAATCCTCCAGCTATTCCACCTGCAATTTTATATTTATTATCTGATGATCCTCCTTTTTGTTTATTATTATCTGGCTTTTCATGTTCTTCCCTTTCATGATATTTTGGAGTATTGTTATGTTTTCTATTGTATGATCTATTTTCATTATTTCTACCATGTGGACGTGTTTCTCTATCTTCACTATTAGGTACGTGCCTATTTCCATTATTATCTTGACTTTGGGGGTCACTTTGTTTCCTTTCATTATCCAAAACTTTTGGAGATAATGGTGAATATGGAATATATCTATCACTTTTATCATTTGGTAAATTATTTTGATTA,9603,2,3.0379626700411264,3
K01-200617-5-R,trap,CTAATCCTCCAGCTATTCCACCTGCAATTTTATATTTATTATCTGATGATCCTCCTTTTTGTTTATTATTATCTGGCTTTTCATGTTCTTCCCTTTCATGATATTTTGGAGTATTGTTATGTTTTCTATTGTATGATCTATTTTCATTATTTCTACCATGTGGACGTGTTTCTCTATCTTCACTATTAGGTACGTGCCTATTTCCATTATTATCTTGACTTTGGGGGTCACTTTGTTTCCTTTCATTATCCAAAACGTTTGGAGGTAATGGTGAATATGGAATATATCTATCACTTTTATCATTTGGTAAATTATTTTGATTA,3161,2,0.3291679683432261,3
K01-200617-5-R,trap,CTAATCCTCCAGCTATTCCACCTGCAATTTTATATTTATTATCTGATCCTCCTTTTTGTTTATTATTATCTGGCTTTTCATGTTCTTCCCTTTCAGGATGTTTTGGAGTATTGTTATGTTTTCTATTGTATGATCTATTTTCATTATTTCTACCATGTGGACGTGTTTCTCTATCTTCACTATTAGGTACGTGCCTATTTCCATTATTATCTTGACTTTGGGGGTCACTTTGTTTCCTTTCATTATCCAAAACTTTTGGAGGTAATGGTGAATATGGAATATATCTATCACTTTTATCATTTGGTAAATTATTTTGATTA,1097,NA,NA,0
