sample,mix,rep,target,dens,ref_strains,ref_strain_pcts,expected_moi
BF31,A,1,csp,≥75 g/µL,3D7,100,1
BF31,A,1,sera2,≥75 g/µL,3D7,100,1
BF31,A,1,trap,≥75 g/µL,3D7,100,1
BF32,A,2,csp,≥75 g/µL,3D7,100,1
BF32,A,2,sera2,≥75 g/µL,3D7,100,1
BF32,A,2,trap,≥75 g/µL,3D7,100,1
BF33,A,3,csp,≥75 g/µL,3D7,100,1
BF33,A,3,sera2,≥75 g/µL,3D7,100,1
BF33,A,3,trap,≥75 g/µL,3D7,100,1
BF34,B,1,csp,≥75 g/µL,FCB;7g8;K1;Dd2,25;25;25;25,4
BF34,B,1,sera2,≥75 g/µL,FCB;7g8;K1;Dd2,25;25;25;25,4
BF34,B,1,trap,≥75 g/µL,FCB;7g8;K1;Dd2,25;25;25;25,3
BF35,B,2,csp,≥75 g/µL,FCB;7g8;K1;Dd2,25;25;25;25,4
BF35,B,2,sera2,≥75 g/µL,FCB;7g8;K1;Dd2,25;25;25;25,4
BF35,B,2,trap,≥75 g/µL,FCB;7g8;K1;Dd2,25;25;25;25,3
BF36,B,3,csp,≥75 g/µL,FCB;7g8;K1;Dd2,25;25;25;25,4
BF36,B,3,sera2,≥75 g/µL,FCB;7g8;K1;Dd2,25;25;25;25,4
BF36,B,3,trap,≥75 g/µL,FCB;7g8;K1;Dd2,25;25;25;25,3
BF37,C,1,csp,≥75 g/µL,V1/S;K1;FCB;7g8;Dd2;Tanzania;FCR3-Gambia;FUP;3D7;HB3,10;10;10;10;10;10;10;10;10;10,8
BF37,C,1,sera2,≥75 g/µL,V1/S;K1;FCB;7g8;Dd2;Tanzania;FCR3-Gambia;FUP;3D7;HB3,10;10;10;10;10;10;10;10;10;10,7
BF37,C,1,trap,≥75 g/µL,V1/S;K1;FCB;7g8;Dd2;Tanzania;FCR3-Gambia;FUP;3D7;HB3,10;10;10;10;10;10;10;10;10;10,7
BF38,C,2,csp,≥75 g/µL,V1/S;K1;FCB;7g8;Dd2;Tanzania;FCR3-Gambia;FUP;3D7;HB3,10;10;10;10;10;10;10;10;10;10,8
BF38,C,2,sera2,≥75 g/µL,V1/S;K1;FCB;7g8;Dd2;Tanzania;FCR3-Gambia;FUP;3D7;HB3,10;10;10;10;10;10;10;10;10;10,7
BF38,C,2,trap,≥75 g/µL,V1/S;K1;FCB;7g8;Dd2;Tanzania;FCR3-Gambia;FUP;3D7;HB3,10;10;10;10;10;10;10;10;10;10,7
BF39,C,3,csp,≥75 g/µL,V1/S;K1;FCB;7g8;Dd2;Tanzania;FCR3-Gambia;FUP;3D7;HB3,10;10;10;10;10;10;10;10;10;10,8
BF39,C,3,sera2,≥75 g/µL,V1/S;K1;FCB;7g8;Dd2;Tanzania;FCR3-Gambia;FUP;3D7;HB3,10;10;10;10;10;10;10;10;10;10,7
BF39,C,3,trap,≥75 g/µL,V1/S;K1;FCB;7g8;Dd2;Tanzania;FCR3-Gambia;FUP;3D7;HB3,10;10;10;10;10;10;10;10;10;10,7
BF40,A,1,msp7,≥75 g/µL,3D7,100,1
BF41,A,2,msp7,≥75 g/µL,3D7,100,1
BF42,A,3,msp7,≥75 g/µL,3D7,100,1
BF43,B,1,msp7,≥75 g/µL,FCB;7g8;K1;Dd2,25;25;25;25,4
BF44,B,2,msp7,≥75 g/µL,FCB;7g8;K1;Dd2,25;25;25;25,4
BF45,B,3,msp7,≥75 g/µL,FCB;7g8;K1;Dd2,25;25;25;25,4
BF46,C,1,msp7,≥75 g/µL,V1/S;K1;FCB;7g8;Dd2;Tanzania;FCR3-Gambia;FUP;3D7;HB3,10;10;10;10;10;10;10;10;10;10,8
BF47,C,2,msp7,≥75 g/µL,V1/S;K1;FCB;7g8;Dd2;Tanzania;FCR3-Gambia;FUP;3D7;HB3,10;10;10;10;10;10;10;10;10;10,8
BF48,C,3,msp7,≥75 g/µL,V1/S;K1;FCB;7g8;Dd2;Tanzania;FCR3-Gambia;FUP;3D7;HB3,10;10;10;10;10;10;10;10;10;10,8
BF49,D,1,csp,≥75 g/µL,7g8;K1;V1/S;Dd2;FCB;FCR3-Gambia;FUP;HB3;3D7;Tanzania,50;20;10;5;5;3;3;2;1;1,8
BF49,D,1,sera2,≥75 g/µL,7g8;K1;V1/S;Dd2;FCB;FCR3-Gambia;FUP;HB3;3D7;Tanzania,50;20;10;5;5;3;3;2;1;1,7
BF49,D,1,trap,≥75 g/µL,7g8;K1;V1/S;Dd2;FCB;FCR3-Gambia;FUP;HB3;3D7;Tanzania,50;20;10;5;5;3;3;2;1;1,7
BF50,D,2,csp,≥75 g/µL,7g8;K1;V1/S;Dd2;FCB;FCR3-Gambia;FUP;HB3;3D7;Tanzania,50;20;10;5;5;3;3;2;1;1,8
BF50,D,2,sera2,≥75 g/µL,7g8;K1;V1/S;Dd2;FCB;FCR3-Gambia;FUP;HB3;3D7;Tanzania,50;20;10;5;5;3;3;2;1;1,7
BF50,D,2,trap,≥75 g/µL,7g8;K1;V1/S;Dd2;FCB;FCR3-Gambia;FUP;HB3;3D7;Tanzania,50;20;10;5;5;3;3;2;1;1,7
BF51,D,3,csp,≥75 g/µL,7g8;K1;V1/S;Dd2;FCB;FCR3-Gambia;FUP;HB3;3D7;Tanzania,50;20;10;5;5;3;3;2;1;1,8
BF51,D,3,sera2,≥75 g/µL,7g8;K1;V1/S;Dd2;FCB;FCR3-Gambia;FUP;HB3;3D7;Tanzania,50;20;10;5;5;3;3;2;1;1,7
BF51,D,3,trap,≥75 g/µL,7g8;K1;V1/S;Dd2;FCB;FCR3-Gambia;FUP;HB3;3D7;Tanzania,50;20;10;5;5;3;3;2;1;1,7
BF52,E,1,csp,≥75 g/µL,FCR3-Gambia;Tanzania;V1/S;7g8;HB3;Dd2;FUP;3D7,80;5;5;3;3;2;1;1,7
BF52,E,1,sera2,≥75 g/µL,FCR3-Gambia;Tanzania;V1/S;7g8;HB3;Dd2;FUP;3D7,80;5;5;3;3;2;1;1,7
BF52,E,1,trap,≥75 g/µL,FCR3-Gambia;Tanzania;V1/S;7g8;HB3;Dd2;FUP;3D7,80;5;5;3;3;2;1;1,7
BF53,E,2,csp,≥75 g/µL,FCR3-Gambia;Tanzania;V1/S;7g8;HB3;Dd2;FUP;3D7,80;5;5;3;3;2;1;1,7
BF53,E,2,sera2,≥75 g/µL,FCR3-Gambia;Tanzania;V1/S;7g8;HB3;Dd2;FUP;3D7,80;5;5;3;3;2;1;1,7
BF53,E,2,trap,≥75 g/µL,FCR3-Gambia;Tanzania;V1/S;7g8;HB3;Dd2;FUP;3D7,80;5;5;3;3;2;1;1,7
BF54,E,3,csp,≥75 g/µL,FCR3-Gambia;Tanzania;V1/S;7g8;HB3;Dd2;FUP;3D7,80;5;5;3;3;2;1;1,7
BF54,E,3,sera2,≥75 g/µL,FCR3-Gambia;Tanzania;V1/S;7g8;HB3;Dd2;FUP;3D7,80;5;5;3;3;2;1;1,7
BF54,E,3,trap,≥75 g/µL,FCR3-Gambia;Tanzania;V1/S;7g8;HB3;Dd2;FUP;3D7,80;5;5;3;3;2;1;1,7
BF55,F,1,csp,≥75 g/µL,Dd2;FCR3-Gambia;3D7;V1/S;Tanzania;7g8;HB3;FUP,80;5;5;3;3;2;1;1,7
BF55,F,1,sera2,≥75 g/µL,Dd2;FCR3-Gambia;3D7;V1/S;Tanzania;7g8;HB3;FUP,80;5;5;3;3;2;1;1,7
BF55,F,1,trap,≥75 g/µL,Dd2;FCR3-Gambia;3D7;V1/S;Tanzania;7g8;HB3;FUP,80;5;5;3;3;2;1;1,7
BF56,F,2,csp,≥75 g/µL,Dd2;FCR3-Gambia;3D7;V1/S;Tanzania;7g8;HB3;FUP,80;5;5;3;3;2;1;1,7
BF56,F,2,sera2,≥75 g/µL,Dd2;FCR3-Gambia;3D7;V1/S;Tanzania;7g8;HB3;FUP,80;5;5;3;3;2;1;1,7
BF56,F,2,trap,≥75 g/µL,Dd2;FCR3-Gambia;3D7;V1/S;Tanzania;7g8;HB3;FUP,80;5;5;3;3;2;1;1,7
BF57,F,3,csp,≥75 g/µL,Dd2;FCR3-Gambia;3D7;V1/S;Tanzania;7g8;HB3;FUP,80;5;5;3;3;2;1;1,7
BF57,F,3,sera2,≥75 g/µL,Dd2;FCR3-Gambia;3D7;V1/S;Tanzania;7g8;HB3;FUP,80;5;5;3;3;2;1;1,7
BF57,F,3,trap,≥75 g/µL,Dd2;FCR3-Gambia;3D7;V1/S;Tanzania;7g8;HB3;FUP,80;5;5;3;3;2;1;1,7
BF58,D,1,msp7,≥75 g/µL,7g8;K1;V1/S;Dd2;FCB;FCR3-Gambia;FUP;HB3;3D7;Tanzania,50;20;10;5;5;3;3;2;1;1,8
BF59,D,2,msp7,≥75 g/µL,7g8;K1;V1/S;Dd2;FCB;FCR3-Gambia;FUP;HB3;3D7;Tanzania,50;20;10;5;5;3;3;2;1;1,8
BF60,D,3,msp7,≥75 g/µL,7g8;K1;V1/S;Dd2;FCB;FCR3-Gambia;FUP;HB3;3D7;Tanzania,50;20;10;5;5;3;3;2;1;1,8
BF61,E,1,msp7,≥75 g/µL,FCR3-Gambia;Tanzania;V1/S;7g8;HB3;Dd2;FUP;3D7,80;5;5;3;3;2;1;1,7
BF62,E,2,msp7,≥75 g/µL,FCR3-Gambia;Tanzania;V1/S;7g8;HB3;Dd2;FUP;3D7,80;5;5;3;3;2;1;1,7
BF63,E,3,msp7,≥75 g/µL,FCR3-Gambia;Tanzania;V1/S;7g8;HB3;Dd2;FUP;3D7,80;5;5;3;3;2;1;1,7
BF64,F,1,msp7,≥75 g/µL,Dd2;FCR3-Gambia;3D7;V1/S;Tanzania;7g8;HB3;FUP,80;5;5;3;3;2;1;1,7
BF65,F,2,msp7,≥75 g/µL,Dd2;FCR3-Gambia;3D7;V1/S;Tanzania;7g8;HB3;FUP,80;5;5;3;3;2;1;1,7
BF66,F,3,msp7,≥75 g/µL,Dd2;FCR3-Gambia;3D7;V1/S;Tanzania;7g8;HB3;FUP,80;5;5;3;3;2;1;1,7
BF67,A,1,csp,1.5-75 g/µL,3D7,100,1
BF67,A,1,sera2,1.5-75 g/µL,3D7,100,1
BF67,A,1,trap,1.5-75 g/µL,3D7,100,1
BF68,A,2,csp,1.5-75 g/µL,3D7,100,1
BF68,A,2,sera2,1.5-75 g/µL,3D7,100,1
BF68,A,2,trap,1.5-75 g/µL,3D7,100,1
BF69,A,3,csp,1.5-75 g/µL,3D7,100,1
BF69,A,3,sera2,1.5-75 g/µL,3D7,100,1
BF69,A,3,trap,1.5-75 g/µL,3D7,100,1
BF70,B,1,csp,1.5-75 g/µL,FCB;7g8;K1;Dd2,25;25;25;25,4
BF70,B,1,sera2,1.5-75 g/µL,FCB;7g8;K1;Dd2,25;25;25;25,4
BF70,B,1,trap,1.5-75 g/µL,FCB;7g8;K1;Dd2,25;25;25;25,3
BF71,B,2,csp,1.5-75 g/µL,FCB;7g8;K1;Dd2,25;25;25;25,4
BF71,B,2,sera2,1.5-75 g/µL,FCB;7g8;K1;Dd2,25;25;25;25,4
BF71,B,2,trap,1.5-75 g/µL,FCB;7g8;K1;Dd2,25;25;25;25,3
BF72,B,3,csp,1.5-75 g/µL,FCB;7g8;K1;Dd2,25;25;25;25,4
BF72,B,3,sera2,1.5-75 g/µL,FCB;7g8;K1;Dd2,25;25;25;25,4
BF72,B,3,trap,1.5-75 g/µL,FCB;7g8;K1;Dd2,25;25;25;25,3
BF73,C,1,csp,1.5-75 g/µL,V1/S;K1;FCB;7g8;Dd2;Tanzania;FCR3-Gambia;FUP;3D7;HB3,10;10;10;10;10;10;10;10;10;10,8
BF73,C,1,sera2,1.5-75 g/µL,V1/S;K1;FCB;7g8;Dd2;Tanzania;FCR3-Gambia;FUP;3D7;HB3,10;10;10;10;10;10;10;10;10;10,7
BF73,C,1,trap,1.5-75 g/µL,V1/S;K1;FCB;7g8;Dd2;Tanzania;FCR3-Gambia;FUP;3D7;HB3,10;10;10;10;10;10;10;10;10;10,7
BF74,C,2,csp,1.5-75 g/µL,V1/S;K1;FCB;7g8;Dd2;Tanzania;FCR3-Gambia;FUP;3D7;HB3,10;10;10;10;10;10;10;10;10;10,8
BF74,C,2,sera2,1.5-75 g/µL,V1/S;K1;FCB;7g8;Dd2;Tanzania;FCR3-Gambia;FUP;3D7;HB3,10;10;10;10;10;10;10;10;10;10,7
BF74,C,2,trap,1.5-75 g/µL,V1/S;K1;FCB;7g8;Dd2;Tanzania;FCR3-Gambia;FUP;3D7;HB3,10;10;10;10;10;10;10;10;10;10,7
BF75,C,3,csp,1.5-75 g/µL,V1/S;K1;FCB;7g8;Dd2;Tanzania;FCR3-Gambia;FUP;3D7;HB3,10;10;10;10;10;10;10;10;10;10,8
BF75,C,3,sera2,1.5-75 g/µL,V1/S;K1;FCB;7g8;Dd2;Tanzania;FCR3-Gambia;FUP;3D7;HB3,10;10;10;10;10;10;10;10;10;10,7
BF75,C,3,trap,1.5-75 g/µL,V1/S;K1;FCB;7g8;Dd2;Tanzania;FCR3-Gambia;FUP;3D7;HB3,10;10;10;10;10;10;10;10;10;10,7
BF76,A,1,msp7,1.5-75 g/µL,3D7,100,1
BF77,A,2,msp7,1.5-75 g/µL,3D7,100,1
BF78,A,3,msp7,1.5-75 g/µL,3D7,100,1
BF79,B,1,msp7,1.5-75 g/µL,FCB;7g8;K1;Dd2,25;25;25;25,4
BF80,B,2,msp7,1.5-75 g/µL,FCB;7g8;K1;Dd2,25;25;25;25,4
BF81,B,3,msp7,1.5-75 g/µL,FCB;7g8;K1;Dd2,25;25;25;25,4
BF82,C,1,msp7,1.5-75 g/µL,V1/S;K1;FCB;7g8;Dd2;Tanzania;FCR3-Gambia;FUP;3D7;HB3,10;10;10;10;10;10;10;10;10;10,8
BF83,C,2,msp7,1.5-75 g/µL,V1/S;K1;FCB;7g8;Dd2;Tanzania;FCR3-Gambia;FUP;3D7;HB3,10;10;10;10;10;10;10;10;10;10,8
BF84,C,3,msp7,1.5-75 g/µL,V1/S;K1;FCB;7g8;Dd2;Tanzania;FCR3-Gambia;FUP;3D7;HB3,10;10;10;10;10;10;10;10;10;10,8
BF85,D,1,csp,1.5-75 g/µL,7g8;K1;V1/S;Dd2;FCB;FCR3-Gambia;FUP;HB3;3D7;Tanzania,50;20;10;5;5;3;3;2;1;1,8
BF85,D,1,sera2,1.5-75 g/µL,7g8;K1;V1/S;Dd2;FCB;FCR3-Gambia;FUP;HB3;3D7;Tanzania,50;20;10;5;5;3;3;2;1;1,7
BF85,D,1,trap,1.5-75 g/µL,7g8;K1;V1/S;Dd2;FCB;FCR3-Gambia;FUP;HB3;3D7;Tanzania,50;20;10;5;5;3;3;2;1;1,7
BF86,D,2,csp,1.5-75 g/µL,7g8;K1;V1/S;Dd2;FCB;FCR3-Gambia;FUP;HB3;3D7;Tanzania,50;20;10;5;5;3;3;2;1;1,8
BF86,D,2,sera2,1.5-75 g/µL,7g8;K1;V1/S;Dd2;FCB;FCR3-Gambia;FUP;HB3;3D7;Tanzania,50;20;10;5;5;3;3;2;1;1,7
BF86,D,2,trap,1.5-75 g/µL,7g8;K1;V1/S;Dd2;FCB;FCR3-Gambia;FUP;HB3;3D7;Tanzania,50;20;10;5;5;3;3;2;1;1,7
BF87,D,3,csp,1.5-75 g/µL,7g8;K1;V1/S;Dd2;FCB;FCR3-Gambia;FUP;HB3;3D7;Tanzania,50;20;10;5;5;3;3;2;1;1,8
BF87,D,3,sera2,1.5-75 g/µL,7g8;K1;V1/S;Dd2;FCB;FCR3-Gambia;FUP;HB3;3D7;Tanzania,50;20;10;5;5;3;3;2;1;1,7
BF87,D,3,trap,1.5-75 g/µL,7g8;K1;V1/S;Dd2;FCB;FCR3-Gambia;FUP;HB3;3D7;Tanzania,50;20;10;5;5;3;3;2;1;1,7
BF88,E,1,csp,1.5-75 g/µL,FCR3-Gambia;Tanzania;V1/S;7g8;HB3;Dd2;FUP;3D7,80;5;5;3;3;2;1;1,7
BF88,E,1,sera2,1.5-75 g/µL,FCR3-Gambia;Tanzania;V1/S;7g8;HB3;Dd2;FUP;3D7,80;5;5;3;3;2;1;1,7
BF88,E,1,trap,1.5-75 g/µL,FCR3-Gambia;Tanzania;V1/S;7g8;HB3;Dd2;FUP;3D7,80;5;5;3;3;2;1;1,7
BF89,E,2,csp,1.5-75 g/µL,FCR3-Gambia;Tanzania;V1/S;7g8;HB3;Dd2;FUP;3D7,80;5;5;3;3;2;1;1,7
BF89,E,2,sera2,1.5-75 g/µL,FCR3-Gambia;Tanzania;V1/S;7g8;HB3;Dd2;FUP;3D7,80;5;5;3;3;2;1;1,7
BF89,E,2,trap,1.5-75 g/µL,FCR3-Gambia;Tanzania;V1/S;7g8;HB3;Dd2;FUP;3D7,80;5;5;3;3;2;1;1,7
BF90,E,3,csp,1.5-75 g/µL,FCR3-Gambia;Tanzania;V1/S;7g8;HB3;Dd2;FUP;3D7,80;5;5;3;3;2;1;1,7
BF90,E,3,sera2,1.5-75 g/µL,FCR3-Gambia;Tanzania;V1/S;7g8;HB3;Dd2;FUP;3D7,80;5;5;3;3;2;1;1,7
BF90,E,3,trap,1.5-75 g/µL,FCR3-Gambia;Tanzania;V1/S;7g8;HB3;Dd2;FUP;3D7,80;5;5;3;3;2;1;1,7
BF91,F,1,csp,1.5-75 g/µL,Dd2;FCR3-Gambia;3D7;V1/S;Tanzania;7g8;HB3;FUP,80;5;5;3;3;2;1;1,7
BF91,F,1,sera2,1.5-75 g/µL,Dd2;FCR3-Gambia;3D7;V1/S;Tanzania;7g8;HB3;FUP,80;5;5;3;3;2;1;1,7
BF91,F,1,trap,1.5-75 g/µL,Dd2;FCR3-Gambia;3D7;V1/S;Tanzania;7g8;HB3;FUP,80;5;5;3;3;2;1;1,7
BF92,F,2,csp,1.5-75 g/µL,Dd2;FCR3-Gambia;3D7;V1/S;Tanzania;7g8;HB3;FUP,80;5;5;3;3;2;1;1,7
BF92,F,2,sera2,1.5-75 g/µL,Dd2;FCR3-Gambia;3D7;V1/S;Tanzania;7g8;HB3;FUP,80;5;5;3;3;2;1;1,7
BF92,F,2,trap,1.5-75 g/µL,Dd2;FCR3-Gambia;3D7;V1/S;Tanzania;7g8;HB3;FUP,80;5;5;3;3;2;1;1,7
BF93,F,3,csp,1.5-75 g/µL,Dd2;FCR3-Gambia;3D7;V1/S;Tanzania;7g8;HB3;FUP,80;5;5;3;3;2;1;1,7
BF93,F,3,sera2,1.5-75 g/µL,Dd2;FCR3-Gambia;3D7;V1/S;Tanzania;7g8;HB3;FUP,80;5;5;3;3;2;1;1,7
BF93,F,3,trap,1.5-75 g/µL,Dd2;FCR3-Gambia;3D7;V1/S;Tanzania;7g8;HB3;FUP,80;5;5;3;3;2;1;1,7
BF94,D,1,msp7,1.5-75 g/µL,7g8;K1;V1/S;Dd2;FCB;FCR3-Gambia;FUP;HB3;3D7;Tanzania,50;20;10;5;5;3;3;2;1;1,8
BF95,D,2,msp7,1.5-75 g/µL,7g8;K1;V1/S;Dd2;FCB;FCR3-Gambia;FUP;HB3;3D7;Tanzania,50;20;10;5;5;3;3;2;1;1,8
BF96,D,3,msp7,1.5-75 g/µL,7g8;K1;V1/S;Dd2;FCB;FCR3-Gambia;FUP;HB3;3D7;Tanzania,50;20;10;5;5;3;3;2;1;1,8
BF97,E,1,msp7,1.5-75 g/µL,FCR3-Gambia;Tanzania;V1/S;7g8;HB3;Dd2;FUP;3D7,80;5;5;3;3;2;1;1,7
BF98,E,2,msp7,1.5-75 g/µL,FCR3-Gambia;Tanzania;V1/S;7g8;HB3;Dd2;FUP;3D7,80;5;5;3;3;2;1;1,7
BF99,E,3,msp7,1.5-75 g/µL,FCR3-Gambia;Tanzania;V1/S;7g8;HB3;Dd2;FUP;3D7,80;5;5;3;3;2;1;1,7
BF100,F,1,msp7,1.5-75 g/µL,Dd2;FCR3-Gambia;3D7;V1/S;Tanzania;7g8;HB3;FUP,80;5;5;3;3;2;1;1,7
BF101,F,2,msp7,1.5-75 g/µL,Dd2;FCR3-Gambia;3D7;V1/S;Tanzania;7g8;HB3;FUP,80;5;5;3;3;2;1;1,7
BF102,F,3,msp7,1.5-75 g/µL,Dd2;FCR3-Gambia;3D7;V1/S;Tanzania;7g8;HB3;FUP,80;5;5;3;3;2;1;1,7
BF103,A,1,sera2,<1.5 g/µL,3D7,100,1
BF103,A,1,trap,<1.5 g/µL,3D7,100,1
BF104,A,1,csp,<1.5 g/µL,3D7,100,1
BF104,A,2,trap,<1.5 g/µL,3D7,100,1
BF105,A,2,csp,<1.5 g/µL,3D7,100,1
BF105,A,2,sera2,<1.5 g/µL,3D7,100,1
BF105,A,3,trap,<1.5 g/µL,3D7,100,1
BF106,A,3,csp,<1.5 g/µL,3D7,100,1
BF106,A,3,sera2,<1.5 g/µL,3D7,100,1
BF107,B,1,csp,<1.5 g/µL,FCB;7g8;K1;Dd2,25;25;25;25,4
BF107,B,1,sera2,<1.5 g/µL,FCB;7g8;K1;Dd2,25;25;25;25,4
BF107,B,1,trap,<1.5 g/µL,FCB;7g8;K1;Dd2,25;25;25;25,3
BF108,B,2,csp,<1.5 g/µL,FCB;7g8;K1;Dd2,25;25;25;25,4
BF108,B,2,sera2,<1.5 g/µL,FCB;7g8;K1;Dd2,25;25;25;25,4
BF108,B,2,trap,<1.5 g/µL,FCB;7g8;K1;Dd2,25;25;25;25,3
BF109,B,3,csp,<1.5 g/µL,FCB;7g8;K1;Dd2,25;25;25;25,4
BF109,B,3,sera2,<1.5 g/µL,FCB;7g8;K1;Dd2,25;25;25;25,4
BF109,B,3,trap,<1.5 g/µL,FCB;7g8;K1;Dd2,25;25;25;25,3
BF110,C,1,csp,<1.5 g/µL,V1/S;K1;FCB;7g8;Dd2;Tanzania;FCR3-Gambia;FUP;3D7;HB3,10;10;10;10;10;10;10;10;10;10,8
BF110,C,1,sera2,<1.5 g/µL,V1/S;K1;FCB;7g8;Dd2;Tanzania;FCR3-Gambia;FUP;3D7;HB3,10;10;10;10;10;10;10;10;10;10,7
BF110,C,1,trap,<1.5 g/µL,V1/S;K1;FCB;7g8;Dd2;Tanzania;FCR3-Gambia;FUP;3D7;HB3,10;10;10;10;10;10;10;10;10;10,7
BF111,C,2,csp,<1.5 g/µL,V1/S;K1;FCB;7g8;Dd2;Tanzania;FCR3-Gambia;FUP;3D7;HB3,10;10;10;10;10;10;10;10;10;10,8
BF111,C,2,sera2,<1.5 g/µL,V1/S;K1;FCB;7g8;Dd2;Tanzania;FCR3-Gambia;FUP;3D7;HB3,10;10;10;10;10;10;10;10;10;10,7
BF111,C,2,trap,<1.5 g/µL,V1/S;K1;FCB;7g8;Dd2;Tanzania;FCR3-Gambia;FUP;3D7;HB3,10;10;10;10;10;10;10;10;10;10,7
BF112,C,3,csp,<1.5 g/µL,V1/S;K1;FCB;7g8;Dd2;Tanzania;FCR3-Gambia;FUP;3D7;HB3,10;10;10;10;10;10;10;10;10;10,8
BF112,C,3,sera2,<1.5 g/µL,V1/S;K1;FCB;7g8;Dd2;Tanzania;FCR3-Gambia;FUP;3D7;HB3,10;10;10;10;10;10;10;10;10;10,7
BF112,C,3,trap,<1.5 g/µL,V1/S;K1;FCB;7g8;Dd2;Tanzania;FCR3-Gambia;FUP;3D7;HB3,10;10;10;10;10;10;10;10;10;10,7
BF113,A,1,msp7,<1.5 g/µL,3D7,100,1
BF114,A,2,msp7,<1.5 g/µL,3D7,100,1
BF115,A,3,msp7,<1.5 g/µL,3D7,100,1
BF116,B,1,msp7,<1.5 g/µL,FCB;7g8;K1;Dd2,25;25;25;25,4
BF117,B,2,msp7,<1.5 g/µL,FCB;7g8;K1;Dd2,25;25;25;25,4
BF118,B,3,msp7,<1.5 g/µL,FCB;7g8;K1;Dd2,25;25;25;25,4
BF119,C,1,msp7,<1.5 g/µL,V1/S;K1;FCB;7g8;Dd2;Tanzania;FCR3-Gambia;FUP;3D7;HB3,10;10;10;10;10;10;10;10;10;10,8
BF120,C,2,msp7,<1.5 g/µL,V1/S;K1;FCB;7g8;Dd2;Tanzania;FCR3-Gambia;FUP;3D7;HB3,10;10;10;10;10;10;10;10;10;10,8
BF121,C,3,msp7,<1.5 g/µL,V1/S;K1;FCB;7g8;Dd2;Tanzania;FCR3-Gambia;FUP;3D7;HB3,10;10;10;10;10;10;10;10;10;10,8
BF122,D,1,csp,<1.5 g/µL,7g8;K1;V1/S;Dd2;FCB;FCR3-Gambia;FUP;HB3;3D7;Tanzania,50;20;10;5;5;3;3;2;1;1,8
BF122,D,1,sera2,<1.5 g/µL,7g8;K1;V1/S;Dd2;FCB;FCR3-Gambia;FUP;HB3;3D7;Tanzania,50;20;10;5;5;3;3;2;1;1,7
BF122,D,1,trap,<1.5 g/µL,7g8;K1;V1/S;Dd2;FCB;FCR3-Gambia;FUP;HB3;3D7;Tanzania,50;20;10;5;5;3;3;2;1;1,7
BF123,D,2,csp,<1.5 g/µL,7g8;K1;V1/S;Dd2;FCB;FCR3-Gambia;FUP;HB3;3D7;Tanzania,50;20;10;5;5;3;3;2;1;1,8
BF123,D,2,sera2,<1.5 g/µL,7g8;K1;V1/S;Dd2;FCB;FCR3-Gambia;FUP;HB3;3D7;Tanzania,50;20;10;5;5;3;3;2;1;1,7
BF123,D,2,trap,<1.5 g/µL,7g8;K1;V1/S;Dd2;FCB;FCR3-Gambia;FUP;HB3;3D7;Tanzania,50;20;10;5;5;3;3;2;1;1,7
BF124,D,3,csp,<1.5 g/µL,7g8;K1;V1/S;Dd2;FCB;FCR3-Gambia;FUP;HB3;3D7;Tanzania,50;20;10;5;5;3;3;2;1;1,8
BF124,D,3,sera2,<1.5 g/µL,7g8;K1;V1/S;Dd2;FCB;FCR3-Gambia;FUP;HB3;3D7;Tanzania,50;20;10;5;5;3;3;2;1;1,7
BF124,D,3,trap,<1.5 g/µL,7g8;K1;V1/S;Dd2;FCB;FCR3-Gambia;FUP;HB3;3D7;Tanzania,50;20;10;5;5;3;3;2;1;1,7
BF125,E,1,csp,<1.5 g/µL,FCR3-Gambia;Tanzania;V1/S;7g8;HB3;Dd2;FUP;3D7,80;5;5;3;3;2;1;1,7
BF125,E,1,sera2,<1.5 g/µL,FCR3-Gambia;Tanzania;V1/S;7g8;HB3;Dd2;FUP;3D7,80;5;5;3;3;2;1;1,7
BF125,E,1,trap,<1.5 g/µL,FCR3-Gambia;Tanzania;V1/S;7g8;HB3;Dd2;FUP;3D7,80;5;5;3;3;2;1;1,7
BF126,E,2,csp,<1.5 g/µL,FCR3-Gambia;Tanzania;V1/S;7g8;HB3;Dd2;FUP;3D7,80;5;5;3;3;2;1;1,7
BF126,E,2,sera2,<1.5 g/µL,FCR3-Gambia;Tanzania;V1/S;7g8;HB3;Dd2;FUP;3D7,80;5;5;3;3;2;1;1,7
BF126,E,2,trap,<1.5 g/µL,FCR3-Gambia;Tanzania;V1/S;7g8;HB3;Dd2;FUP;3D7,80;5;5;3;3;2;1;1,7
BF127,E,3,csp,<1.5 g/µL,FCR3-Gambia;Tanzania;V1/S;7g8;HB3;Dd2;FUP;3D7,80;5;5;3;3;2;1;1,7
BF127,E,3,sera2,<1.5 g/µL,FCR3-Gambia;Tanzania;V1/S;7g8;HB3;Dd2;FUP;3D7,80;5;5;3;3;2;1;1,7
BF127,E,3,trap,<1.5 g/µL,FCR3-Gambia;Tanzania;V1/S;7g8;HB3;Dd2;FUP;3D7,80;5;5;3;3;2;1;1,7
BF128,F,1,csp,<1.5 g/µL,Dd2;FCR3-Gambia;3D7;V1/S;Tanzania;7g8;HB3;FUP,80;5;5;3;3;2;1;1,7
BF128,F,1,sera2,<1.5 g/µL,Dd2;FCR3-Gambia;3D7;V1/S;Tanzania;7g8;HB3;FUP,80;5;5;3;3;2;1;1,7
BF128,F,1,trap,<1.5 g/µL,Dd2;FCR3-Gambia;3D7;V1/S;Tanzania;7g8;HB3;FUP,80;5;5;3;3;2;1;1,7
BF129,F,2,csp,<1.5 g/µL,Dd2;FCR3-Gambia;3D7;V1/S;Tanzania;7g8;HB3;FUP,80;5;5;3;3;2;1;1,7
BF129,F,2,sera2,<1.5 g/µL,Dd2;FCR3-Gambia;3D7;V1/S;Tanzania;7g8;HB3;FUP,80;5;5;3;3;2;1;1,7
BF129,F,2,trap,<1.5 g/µL,Dd2;FCR3-Gambia;3D7;V1/S;Tanzania;7g8;HB3;FUP,80;5;5;3;3;2;1;1,7
BF130,F,3,csp,<1.5 g/µL,Dd2;FCR3-Gambia;3D7;V1/S;Tanzania;7g8;HB3;FUP,80;5;5;3;3;2;1;1,7
BF130,F,3,sera2,<1.5 g/µL,Dd2;FCR3-Gambia;3D7;V1/S;Tanzania;7g8;HB3;FUP,80;5;5;3;3;2;1;1,7
BF130,F,3,trap,<1.5 g/µL,Dd2;FCR3-Gambia;3D7;V1/S;Tanzania;7g8;HB3;FUP,80;5;5;3;3;2;1;1,7
BF131,D,1,msp7,<1.5 g/µL,7g8;K1;V1/S;Dd2;FCB;FCR3-Gambia;FUP;HB3;3D7;Tanzania,50;20;10;5;5;3;3;2;1;1,8
BF132,D,2,msp7,<1.5 g/µL,7g8;K1;V1/S;Dd2;FCB;FCR3-Gambia;FUP;HB3;3D7;Tanzania,50;20;10;5;5;3;3;2;1;1,8
BF133,D,3,msp7,<1.5 g/µL,7g8;K1;V1/S;Dd2;FCB;FCR3-Gambia;FUP;HB3;3D7;Tanzania,50;20;10;5;5;3;3;2;1;1,8
BF134,E,1,msp7,<1.5 g/µL,FCR3-Gambia;Tanzania;V1/S;7g8;HB3;Dd2;FUP;3D7,80;5;5;3;3;2;1;1,7
BF135,E,2,msp7,<1.5 g/µL,FCR3-Gambia;Tanzania;V1/S;7g8;HB3;Dd2;FUP;3D7,80;5;5;3;3;2;1;1,7
BF136,E,3,msp7,<1.5 g/µL,FCR3-Gambia;Tanzania;V1/S;7g8;HB3;Dd2;FUP;3D7,80;5;5;3;3;2;1;1,7
BF137,F,1,msp7,<1.5 g/µL,Dd2;FCR3-Gambia;3D7;V1/S;Tanzania;7g8;HB3;FUP,80;5;5;3;3;2;1;1,7
BF138,F,2,msp7,<1.5 g/µL,Dd2;FCR3-Gambia;3D7;V1/S;Tanzania;7g8;HB3;FUP,80;5;5;3;3;2;1;1,7
BF139,F,3,msp7,<1.5 g/µL,Dd2;FCR3-Gambia;3D7;V1/S;Tanzania;7g8;HB3;FUP,80;5;5;3;3;2;1;1,7
EP2-107,A,1,ama1,<1.5 g/µL,3D7,100,1
EP2-108,A,2,ama1,<1.5 g/µL,3D7,100,1
EP2-109,A,3,ama1,<1.5 g/µL,3D7,100,1
EP2-110,B,1,ama1,<1.5 g/µL,FCB;7g8;K1;Dd2,25;25;25;25,3
EP2-111,B,2,ama1,<1.5 g/µL,FCB;7g8;K1;Dd2,25;25;25;25,3
EP2-112,B,3,ama1,<1.5 g/µL,FCB;7g8;K1;Dd2,25;25;25;25,3
EP2-113,C,1,ama1,<1.5 g/µL,V1/S;K1;FCB;7g8;Dd2;Tanzania;FCR3-Gambia;FUP;3D7;HB3,10;10;10;10;10;10;10;10;10;10,8
EP2-114,C,2,ama1,<1.5 g/µL,V1/S;K1;FCB;7g8;Dd2;Tanzania;FCR3-Gambia;FUP;3D7;HB3,10;10;10;10;10;10;10;10;10;10,8
EP2-115,C,3,ama1,<1.5 g/µL,V1/S;K1;FCB;7g8;Dd2;Tanzania;FCR3-Gambia;FUP;3D7;HB3,10;10;10;10;10;10;10;10;10;10,8
EP2-123,B,1,ama1,≥75 g/µL,FCB;7g8;K1;Dd2,25;25;25;25,3
EP2-124,B,2,ama1,≥75 g/µL,FCB;7g8;K1;Dd2,25;25;25;25,3
EP2-125,B,3,ama1,≥75 g/µL,FCB;7g8;K1;Dd2,25;25;25;25,3
EP2-127,D,1,ama1,<1.5 g/µL,7g8;K1;V1/S;Dd2;FCB;FCR3-Gambia;FUP;HB3;3D7;Tanzania,50;20;10;5;5;3;3;2;1;1,8
EP2-128,D,2,ama1,<1.5 g/µL,7g8;K1;V1/S;Dd2;FCB;FCR3-Gambia;FUP;HB3;3D7;Tanzania,50;20;10;5;5;3;3;2;1;1,8
EP2-129,D,3,ama1,<1.5 g/µL,7g8;K1;V1/S;Dd2;FCB;FCR3-Gambia;FUP;HB3;3D7;Tanzania,50;20;10;5;5;3;3;2;1;1,8
EP2-130,E,1,ama1,<1.5 g/µL,FCR3-Gambia;Tanzania;V1/S;7g8;HB3;Dd2;FUP;3D7,80;5;5;3;3;2;1;1,8
EP2-131,E,2,ama1,<1.5 g/µL,FCR3-Gambia;Tanzania;V1/S;7g8;HB3;Dd2;FUP;3D7,80;5;5;3;3;2;1;1,8
EP2-132,E,3,ama1,<1.5 g/µL,FCR3-Gambia;Tanzania;V1/S;7g8;HB3;Dd2;FUP;3D7,80;5;5;3;3;2;1;1,8
EP2-133,F,1,ama1,<1.5 g/µL,Dd2;FCR3-Gambia;3D7;V1/S;Tanzania;7g8;HB3;FUP,80;5;5;3;3;2;1;1,8
EP2-134,F,2,ama1,<1.5 g/µL,Dd2;FCR3-Gambia;3D7;V1/S;Tanzania;7g8;HB3;FUP,80;5;5;3;3;2;1;1,8
EP2-135,F,3,ama1,<1.5 g/µL,Dd2;FCR3-Gambia;3D7;V1/S;Tanzania;7g8;HB3;FUP,80;5;5;3;3;2;1;1,8
EP2-156,A,1,ama1,1.5-75 g/µL,3D7,100,1
EP2-157,A,2,ama1,1.5-75 g/µL,3D7,100,1
EP2-158,A,3,ama1,1.5-75 g/µL,3D7,100,1
EP2-159,B,1,ama1,1.5-75 g/µL,FCB;7g8;K1;Dd2,25;25;25;25,3
EP2-160,B,2,ama1,1.5-75 g/µL,FCB;7g8;K1;Dd2,25;25;25;25,3
EP2-161,B,3,ama1,1.5-75 g/µL,FCB;7g8;K1;Dd2,25;25;25;25,3
EP2-162,C,1,ama1,1.5-75 g/µL,V1/S;K1;FCB;7g8;Dd2;Tanzania;FCR3-Gambia;FUP;3D7;HB3,10;10;10;10;10;10;10;10;10;10,8
EP2-163,C,2,ama1,1.5-75 g/µL,V1/S;K1;FCB;7g8;Dd2;Tanzania;FCR3-Gambia;FUP;3D7;HB3,10;10;10;10;10;10;10;10;10;10,8
EP2-164,C,3,ama1,1.5-75 g/µL,V1/S;K1;FCB;7g8;Dd2;Tanzania;FCR3-Gambia;FUP;3D7;HB3,10;10;10;10;10;10;10;10;10;10,8
EP2-165,D,1,ama1,≥75 g/µL,7g8;K1;V1/S;Dd2;FCB;FCR3-Gambia;FUP;HB3;3D7;Tanzania,50;20;10;5;5;3;3;2;1;1,8
EP2-166,D,2,ama1,≥75 g/µL,7g8;K1;V1/S;Dd2;FCB;FCR3-Gambia;FUP;HB3;3D7;Tanzania,50;20;10;5;5;3;3;2;1;1,8
EP2-167,D,3,ama1,≥75 g/µL,7g8;K1;V1/S;Dd2;FCB;FCR3-Gambia;FUP;HB3;3D7;Tanzania,50;20;10;5;5;3;3;2;1;1,8
EP2-168,E,1,ama1,≥75 g/µL,FCR3-Gambia;Tanzania;V1/S;7g8;HB3;Dd2;FUP;3D7,80;5;5;3;3;2;1;1,8
EP2-169,E,2,ama1,≥75 g/µL,FCR3-Gambia;Tanzania;V1/S;7g8;HB3;Dd2;FUP;3D7,80;5;5;3;3;2;1;1,8
EP2-170,E,3,ama1,≥75 g/µL,FCR3-Gambia;Tanzania;V1/S;7g8;HB3;Dd2;FUP;3D7,80;5;5;3;3;2;1;1,8
EP2-171,F,1,ama1,≥75 g/µL,Dd2;FCR3-Gambia;3D7;V1/S;Tanzania;7g8;HB3;FUP,80;5;5;3;3;2;1;1,8
EP2-172,F,2,ama1,≥75 g/µL,Dd2;FCR3-Gambia;3D7;V1/S;Tanzania;7g8;HB3;FUP,80;5;5;3;3;2;1;1,8
EP2-173,F,3,ama1,≥75 g/µL,Dd2;FCR3-Gambia;3D7;V1/S;Tanzania;7g8;HB3;FUP,80;5;5;3;3;2;1;1,8
EP2-174,D,1,ama1,1.5-75 g/µL,7g8;K1;V1/S;Dd2;FCB;FCR3-Gambia;FUP;HB3;3D7;Tanzania,50;20;10;5;5;3;3;2;1;1,8
EP2-175,D,2,ama1,1.5-75 g/µL,7g8;K1;V1/S;Dd2;FCB;FCR3-Gambia;FUP;HB3;3D7;Tanzania,50;20;10;5;5;3;3;2;1;1,8
EP2-176,D,3,ama1,1.5-75 g/µL,7g8;K1;V1/S;Dd2;FCB;FCR3-Gambia;FUP;HB3;3D7;Tanzania,50;20;10;5;5;3;3;2;1;1,8
EP2-177,E,1,ama1,1.5-75 g/µL,FCR3-Gambia;Tanzania;V1/S;7g8;HB3;Dd2;FUP;3D7,80;5;5;3;3;2;1;1,8
EP2-178,E,2,ama1,1.5-75 g/µL,FCR3-Gambia;Tanzania;V1/S;7g8;HB3;Dd2;FUP;3D7,80;5;5;3;3;2;1;1,8
EP2-179,E,3,ama1,1.5-75 g/µL,FCR3-Gambia;Tanzania;V1/S;7g8;HB3;Dd2;FUP;3D7,80;5;5;3;3;2;1;1,8
EP2-180,F,1,ama1,1.5-75 g/µL,Dd2;FCR3-Gambia;3D7;V1/S;Tanzania;7g8;HB3;FUP,80;5;5;3;3;2;1;1,8
EP2-181,F,2,ama1,1.5-75 g/µL,Dd2;FCR3-Gambia;3D7;V1/S;Tanzania;7g8;HB3;FUP,80;5;5;3;3;2;1;1,8
EP2-182,F,3,ama1,1.5-75 g/µL,Dd2;FCR3-Gambia;3D7;V1/S;Tanzania;7g8;HB3;FUP,80;5;5;3;3;2;1;1,8
