sample,run,target,mix,dens,rep,raw_reads,n_reads_sample
BF100,mc,msp7,F,1.5-75 g/µL,1,19364,15294
BF101,mc,msp7,F,1.5-75 g/µL,2,17464,15046
BF102,mc,msp7,F,<1.5 g/µL,3,11730,9472
BF103,mc,sera2,A,<1.5 g/µL,1,41085,7301
BF103,mc,trap,A,<1.5 g/µL,1,41085,25683
BF104,mc,csp,A,<1.5 g/µL,1,53442,14352
BF104,mc,trap,A,<1.5 g/µL,2,53442,31054
BF105,mc,csp,A,<1.5 g/µL,2,79212,36711
BF105,mc,sera2,A,<1.5 g/µL,2,79212,1291
BF105,mc,trap,A,<1.5 g/µL,3,79212,29683
BF106,mc,csp,A,<1.5 g/µL,3,34272,21485
BF106,mc,sera2,A,<1.5 g/µL,3,34272,1553
BF107,mc,csp,B,<1.5 g/µL,1,43190,8369
BF107,mc,sera2,B,<1.5 g/µL,1,43190,3960
BF107,mc,trap,B,<1.5 g/µL,1,43190,5581
BF108,mc,csp,B,<1.5 g/µL,2,76118,39361
BF108,mc,sera2,B,<1.5 g/µL,2,76118,1974
BF108,mc,trap,B,<1.5 g/µL,2,76118,9807
BF109,mc,csp,B,<1.5 g/µL,3,58785,11178
BF109,mc,sera2,B,<1.5 g/µL,3,58785,6294
BF109,mc,trap,B,<1.5 g/µL,3,58785,6357
BF110,mc,csp,C,<1.5 g/µL,1,123226,67677
BF110,mc,sera2,C,<1.5 g/µL,1,123226,26031
BF110,mc,trap,C,<1.5 g/µL,1,123226,6282
BF111,mc,csp,C,<1.5 g/µL,2,161411,86988
BF111,mc,sera2,C,<1.5 g/µL,2,161411,31894
BF111,mc,trap,C,<1.5 g/µL,2,161411,8257
BF112,mc,csp,C,<1.5 g/µL,3,164617,86336
BF112,mc,sera2,C,<1.5 g/µL,3,164617,29773
BF112,mc,trap,C,<1.5 g/µL,3,164617,2034
BF113,mc,msp7,A,<1.5 g/µL,1,13988,10869
BF114,mc,msp7,A,<1.5 g/µL,2,17914,15284
BF115,mc,msp7,A,<1.5 g/µL,3,10280,7586
BF116,mc,msp7,B,<1.5 g/µL,1,4285,634
BF117,mc,msp7,B,<1.5 g/µL,2,5881,2023
BF118,mc,msp7,B,<1.5 g/µL,3,5935,3181
BF119,mc,msp7,C,<1.5 g/µL,1,42844,31017
BF120,mc,msp7,C,<1.5 g/µL,2,40789,29635
BF121,mc,msp7,C,<1.5 g/µL,3,42326,31468
BF122,mc,csp,D,<1.5 g/µL,1,65425,32132
BF122,mc,sera2,D,<1.5 g/µL,1,65425,2703
BF123,mc,csp,D,<1.5 g/µL,2,48627,21561
BF123,mc,sera2,D,<1.5 g/µL,2,48627,4357
BF123,mc,trap,D,<1.5 g/µL,2,48627,2246
BF124,mc,csp,D,<1.5 g/µL,3,53559,16059
BF124,mc,sera2,D,<1.5 g/µL,3,53559,6224
BF124,mc,trap,D,<1.5 g/µL,3,53559,6113
BF125,mc,csp,E,<1.5 g/µL,1,31212,1663
BF125,mc,sera2,E,<1.5 g/µL,1,31212,1853
BF125,mc,trap,E,<1.5 g/µL,1,31212,5969
BF126,mc,csp,E,<1.5 g/µL,2,30820,3564
BF126,mc,sera2,E,<1.5 g/µL,2,30820,321
BF127,mc,csp,E,<1.5 g/µL,3,35421,5894
BF127,mc,sera2,E,<1.5 g/µL,3,35421,1950
BF127,mc,trap,E,<1.5 g/µL,3,35421,3680
BF128,mc,csp,F,<1.5 g/µL,1,40412,1797
BF128,mc,sera2,F,<1.5 g/µL,1,40412,2714
BF128,mc,trap,F,<1.5 g/µL,1,40412,14011
BF129,mc,csp,F,<1.5 g/µL,2,37681,3413
BF129,mc,sera2,F,<1.5 g/µL,2,37681,2383
BF130,mc,csp,F,<1.5 g/µL,3,78981,42963
BF130,mc,sera2,F,<1.5 g/µL,3,78981,1283
BF130,mc,trap,F,<1.5 g/µL,3,78981,17790
BF131,mc,msp7,D,<1.5 g/µL,1,17905,14606
BF132,mc,msp7,D,<1.5 g/µL,2,19736,15280
BF133,mc,msp7,D,<1.5 g/µL,3,7501,3881
BF134,mc,msp7,E,<1.5 g/µL,1,6438,2963
BF135,mc,msp7,E,<1.5 g/µL,2,7681,4441
BF136,mc,msp7,E,<1.5 g/µL,3,9233,5911
BF137,mc,msp7,F,<1.5 g/µL,1,30204,23547
BF138,mc,msp7,F,<1.5 g/µL,2,28033,21612
BF139,mc,msp7,F,<1.5 g/µL,3,17075,12713
BF31,mc,csp,A,≥75 g/µL,1,173227,73384
BF31,mc,sera2,A,≥75 g/µL,1,173227,56718
BF31,mc,trap,A,≥75 g/µL,1,173227,27728
BF32,mc,csp,A,≥75 g/µL,2,158435,71804
BF32,mc,sera2,A,≥75 g/µL,2,158435,50637
BF32,mc,trap,A,≥75 g/µL,2,158435,23169
BF33,mc,csp,A,≥75 g/µL,3,140573,66482
BF33,mc,sera2,A,≥75 g/µL,3,140573,37958
BF33,mc,trap,A,≥75 g/µL,3,140573,24955
BF34,mc,csp,B,≥75 g/µL,1,149014,55539
BF34,mc,sera2,B,≥75 g/µL,1,149014,44146
BF34,mc,trap,B,≥75 g/µL,1,149014,5469
BF35,mc,csp,B,≥75 g/µL,2,162270,60459
BF35,mc,sera2,B,≥75 g/µL,2,162270,47406
BF36,mc,csp,B,≥75 g/µL,3,178548,61155
BF36,mc,sera2,B,≥75 g/µL,3,178548,58191
BF36,mc,trap,B,≥75 g/µL,3,178548,5071
BF37,mc,csp,C,≥75 g/µL,1,162749,45688
BF37,mc,sera2,C,≥75 g/µL,1,162749,50697
BF37,mc,trap,C,≥75 g/µL,1,162749,8620
BF38,mc,csp,C,≥75 g/µL,2,106313,7575
BF38,mc,sera2,C,≥75 g/µL,2,106313,31886
BF39,mc,csp,C,≥75 g/µL,3,142956,46397
BF39,mc,sera2,C,≥75 g/µL,3,142956,37945
BF40,mc,msp7,A,≥75 g/µL,1,23902,21258
BF41,mc,msp7,A,≥75 g/µL,2,29242,26556
BF42,mc,msp7,A,≥75 g/µL,3,22788,20788
BF43,mc,msp7,B,≥75 g/µL,1,24671,15315
BF44,mc,msp7,B,≥75 g/µL,2,28415,18005
BF45,mc,msp7,B,≥75 g/µL,3,23521,14399
BF46,mc,msp7,C,≥75 g/µL,1,32686,24969
BF47,mc,msp7,C,≥75 g/µL,2,28550,21721
BF48,mc,msp7,C,≥75 g/µL,3,30378,22674
BF49,mc,csp,D,≥75 g/µL,1,209940,69641
BF49,mc,sera2,D,≥75 g/µL,1,209940,68062
BF49,mc,trap,D,≥75 g/µL,1,209940,4974
BF50,mc,csp,D,≥75 g/µL,2,182360,67498
BF50,mc,sera2,D,≥75 g/µL,2,182360,59403
BF50,mc,trap,D,≥75 g/µL,2,182360,3238
BF51,mc,csp,D,≥75 g/µL,3,143967,60429
BF51,mc,sera2,D,≥75 g/µL,3,143967,41154
BF51,mc,trap,D,≥75 g/µL,3,143967,2607
BF52,mc,csp,E,≥75 g/µL,1,165575,63330
BF52,mc,sera2,E,≥75 g/µL,1,165575,57541
BF52,mc,trap,E,≥75 g/µL,1,165575,1517
BF53,mc,csp,E,≥75 g/µL,2,194744,76809
BF53,mc,sera2,E,≥75 g/µL,2,194744,65749
BF53,mc,trap,E,≥75 g/µL,2,194744,27369
BF54,mc,csp,E,≥75 g/µL,3,189353,73249
BF54,mc,sera2,E,≥75 g/µL,3,189353,64728
BF54,mc,trap,E,≥75 g/µL,3,189353,24283
BF55,mc,csp,F,≥75 g/µL,1,202577,80432
BF55,mc,sera2,F,≥75 g/µL,1,202577,71218
BF55,mc,trap,F,≥75 g/µL,1,202577,2984
BF56,mc,csp,F,≥75 g/µL,2,161664,70577
BF56,mc,sera2,F,≥75 g/µL,2,161664,49038
BF56,mc,trap,F,≥75 g/µL,2,161664,2516
BF57,mc,csp,F,≥75 g/µL,3,175146,72417
BF57,mc,sera2,F,≥75 g/µL,3,175146,59049
BF57,mc,trap,F,≥75 g/µL,3,175146,21086
BF58,mc,msp7,D,≥75 g/µL,1,23929,16406
BF59,mc,msp7,D,≥75 g/µL,2,21432,14597
BF60,mc,msp7,D,≥75 g/µL,3,19801,14006
BF61,mc,msp7,E,≥75 g/µL,1,20038,15719
BF62,mc,msp7,E,≥75 g/µL,2,26304,20067
BF63,mc,msp7,E,≥75 g/µL,3,25269,18685
BF64,mc,msp7,F,≥75 g/µL,1,24836,19144
BF65,mc,msp7,F,≥75 g/µL,2,21497,16577
BF66,mc,msp7,F,≥75 g/µL,3,24285,18676
BF67,mc,csp,A,1.5-75 g/µL,1,116198,69354
BF67,mc,sera2,A,1.5-75 g/µL,1,116198,17113
BF67,mc,trap,A,1.5-75 g/µL,1,116198,20805
BF68,mc,csp,A,1.5-75 g/µL,2,128441,72257
BF68,mc,sera2,A,1.5-75 g/µL,2,128441,23978
BF68,mc,trap,A,1.5-75 g/µL,2,128441,22962
BF69,mc,csp,A,1.5-75 g/µL,3,103269,62260
BF69,mc,sera2,A,1.5-75 g/µL,3,103269,16496
BF69,mc,trap,A,1.5-75 g/µL,3,103269,16938
BF70,mc,csp,B,1.5-75 g/µL,1,105078,39359
BF70,mc,sera2,B,1.5-75 g/µL,1,105078,20660
BF70,mc,trap,B,1.5-75 g/µL,1,105078,74
BF71,mc,csp,B,1.5-75 g/µL,2,106748,44507
BF71,mc,sera2,B,1.5-75 g/µL,2,106748,15874
BF71,mc,trap,B,1.5-75 g/µL,2,106748,120
BF72,mc,csp,B,1.5-75 g/µL,3,119484,55072
BF72,mc,sera2,B,1.5-75 g/µL,3,119484,24420
BF72,mc,trap,B,1.5-75 g/µL,3,119484,2084
BF73,mc,csp,C,1.5-75 g/µL,1,124337,52636
BF73,mc,sera2,C,1.5-75 g/µL,1,124337,25563
BF73,mc,trap,C,1.5-75 g/µL,1,124337,8070
BF74,mc,csp,C,1.5-75 g/µL,2,120862,59260
BF74,mc,sera2,C,1.5-75 g/µL,2,120862,22059
BF74,mc,trap,C,1.5-75 g/µL,2,120862,5235
BF75,mc,csp,C,1.5-75 g/µL,3,117698,50726
BF75,mc,sera2,C,1.5-75 g/µL,3,117698,26913
BF75,mc,trap,C,1.5-75 g/µL,3,117698,8430
BF76,mc,msp7,A,1.5-75 g/µL,1,4756,589
BF77,mc,msp7,A,1.5-75 g/µL,2,10159,8494
BF78,mc,msp7,A,1.5-75 g/µL,3,4401,2411
BF79,mc,msp7,B,1.5-75 g/µL,1,6554,4477
BF80,mc,msp7,B,1.5-75 g/µL,2,10639,7699
BF81,mc,msp7,B,1.5-75 g/µL,3,12038,8760
BF82,mc,msp7,C,1.5-75 g/µL,1,7929,5606
BF83,mc,msp7,C,1.5-75 g/µL,2,7830,5805
BF84,mc,msp7,C,1.5-75 g/µL,3,16482,12700
BF85,mc,csp,D,1.5-75 g/µL,1,115522,54627
BF85,mc,sera2,D,1.5-75 g/µL,1,115522,27076
BF85,mc,trap,D,1.5-75 g/µL,1,115522,15
BF86,mc,csp,D,1.5-75 g/µL,2,106637,43335
BF86,mc,sera2,D,1.5-75 g/µL,2,106637,30480
BF86,mc,trap,D,1.5-75 g/µL,2,106637,1822
BF87,mc,csp,D,1.5-75 g/µL,3,102934,47887
BF87,mc,sera2,D,1.5-75 g/µL,3,102934,23352
BF87,mc,trap,D,1.5-75 g/µL,3,102934,663
BF88,mc,csp,E,1.5-75 g/µL,1,105628,54461
BF88,mc,sera2,E,1.5-75 g/µL,1,105628,24917
BF88,mc,trap,E,1.5-75 g/µL,1,105628,1244
BF89,mc,csp,E,1.5-75 g/µL,2,122971,67151
BF89,mc,sera2,E,1.5-75 g/µL,2,122971,26932
BF89,mc,trap,E,1.5-75 g/µL,2,122971,2799
BF90,mc,csp,E,1.5-75 g/µL,3,114423,60313
BF90,mc,sera2,E,1.5-75 g/µL,3,114423,24565
BF90,mc,trap,E,1.5-75 g/µL,3,114423,15278
BF91,mc,csp,F,1.5-75 g/µL,1,132343,63061
BF91,mc,sera2,F,1.5-75 g/µL,1,132343,28719
BF91,mc,trap,F,1.5-75 g/µL,1,132343,1636
BF92,mc,csp,F,1.5-75 g/µL,2,109541,61557
BF92,mc,sera2,F,1.5-75 g/µL,2,109541,19532
BF92,mc,trap,F,1.5-75 g/µL,2,109541,1670
BF93,mc,csp,F,1.5-75 g/µL,3,124910,65757
BF93,mc,sera2,F,1.5-75 g/µL,3,124910,29430
BF93,mc,trap,F,1.5-75 g/µL,3,124910,17565
BF95,mc,msp7,D,1.5-75 g/µL,2,14055,11691
BF96,mc,msp7,D,1.5-75 g/µL,3,6570,4812
BF97,mc,msp7,E,1.5-75 g/µL,1,3743,2218
BF98,mc,msp7,E,1.5-75 g/µL,2,4288,1116
BF99,mc,msp7,E,1.5-75 g/µL,3,2766,453
EP2-107,ep2,ama1,A,<1.5 g/µL,1,30691,13991
EP2-108,ep2,ama1,A,<1.5 g/µL,2,23885,9260
EP2-109,ep2,ama1,A,<1.5 g/µL,3,9872,2094
EP2-110,ep2,ama1,B,<1.5 g/µL,1,13791,3855
EP2-111,ep2,ama1,B,<1.5 g/µL,2,9003,970
EP2-112,ep2,ama1,B,<1.5 g/µL,3,9806,1107
EP2-113,ep2,ama1,C,<1.5 g/µL,1,75845,46043
EP2-114,ep2,ama1,C,<1.5 g/µL,2,15868,5236
EP2-115,ep2,ama1,C,<1.5 g/µL,3,27623,11513
EP2-123,ep2,ama1,B,≥75 g/µL,1,103776,50395
EP2-124,ep2,ama1,B,≥75 g/µL,2,113530,72178
EP2-125,ep2,ama1,B,≥75 g/µL,3,115050,72473
EP2-127,ep2,ama1,D,<1.5 g/µL,1,26236,12486
EP2-128,ep2,ama1,D,<1.5 g/µL,2,20002,7883
EP2-129,ep2,ama1,D,<1.5 g/µL,3,16786,6758
EP2-130,ep2,ama1,E,<1.5 g/µL,1,24332,10655
EP2-131,ep2,ama1,E,<1.5 g/µL,2,39802,22194
EP2-132,ep2,ama1,E,<1.5 g/µL,3,7032,930
EP2-133,ep2,ama1,F,<1.5 g/µL,1,22747,8886
EP2-134,ep2,ama1,F,<1.5 g/µL,2,39971,22323
EP2-135,ep2,ama1,F,<1.5 g/µL,3,26678,11413
EP2-156,ep2,ama1,A,1.5-75 g/µL,1,89195,70980
EP2-157,ep2,ama1,A,1.5-75 g/µL,2,115465,61941
EP2-158,ep2,ama1,A,1.5-75 g/µL,3,85984,54297
EP2-159,ep2,ama1,B,1.5-75 g/µL,1,101755,41626
EP2-160,ep2,ama1,B,1.5-75 g/µL,2,98445,35798
EP2-161,ep2,ama1,B,1.5-75 g/µL,3,108415,42572
EP2-162,ep2,ama1,C,1.5-75 g/µL,1,112462,28944
EP2-163,ep2,ama1,C,1.5-75 g/µL,2,116736,36794
EP2-164,ep2,ama1,C,1.5-75 g/µL,3,124978,40425
EP2-165,ep2,ama1,D,≥75 g/µL,1,91600,50199
EP2-166,ep2,ama1,D,≥75 g/µL,2,100985,70450
EP2-167,ep2,ama1,D,≥75 g/µL,3,80207,53551
EP2-168,ep2,ama1,E,≥75 g/µL,1,87858,61466
EP2-169,ep2,ama1,E,≥75 g/µL,2,81559,59123
EP2-170,ep2,ama1,E,≥75 g/µL,3,72076,65540
EP2-171,ep2,ama1,F,≥75 g/µL,1,85620,75288
EP2-172,ep2,ama1,F,≥75 g/µL,2,96910,78355
EP2-173,ep2,ama1,F,≥75 g/µL,3,89683,82544
EP2-174,ep2,ama1,D,1.5-75 g/µL,1,58325,56663
EP2-175,ep2,ama1,D,1.5-75 g/µL,2,89929,57586
EP2-176,ep2,ama1,D,1.5-75 g/µL,3,115038,42122
EP2-177,ep2,ama1,E,1.5-75 g/µL,1,68413,56264
EP2-178,ep2,ama1,E,1.5-75 g/µL,2,40006,47532
EP2-179,ep2,ama1,E,1.5-75 g/µL,3,52590,49506
EP2-180,ep2,ama1,F,1.5-75 g/µL,1,142,48117
EP2-181,ep2,ama1,F,1.5-75 g/µL,2,102391,61266
EP2-182,ep2,ama1,F,1.5-75 g/µL,3,98252,58942
